-- phpMyAdmin SQL Dump
-- version 5.1.0
-- https://www.phpmyadmin.net/
--
-- Host: 127.0.0.1
-- Czas generowania: 08 Sty 2022, 23:18
-- Wersja serwera: 10.4.19-MariaDB
-- Wersja PHP: 7.3.28

SET SQL_MODE = "NO_AUTO_VALUE_ON_ZERO";
START TRANSACTION;
SET time_zone = "+00:00";


/*!40101 SET @OLD_CHARACTER_SET_CLIENT=@@CHARACTER_SET_CLIENT */;
/*!40101 SET @OLD_CHARACTER_SET_RESULTS=@@CHARACTER_SET_RESULTS */;
/*!40101 SET @OLD_COLLATION_CONNECTION=@@COLLATION_CONNECTION */;
/*!40101 SET NAMES utf8mb4 */;

--
-- Baza danych: `events.com`
--

-- --------------------------------------------------------

--
-- Struktura tabeli dla tabeli `artists`
--

CREATE TABLE `artists` (
  `artist_id` int(11) NOT NULL,
  `name` varchar(30) COLLATE utf32_polish_ci NOT NULL,
  `surname` varchar(30) COLLATE utf32_polish_ci DEFAULT NULL
) ENGINE=InnoDB DEFAULT CHARSET=utf32 COLLATE=utf32_polish_ci;

--
-- Zrzut danych tabeli `artists`
--

INSERT INTO `artists` (`artist_id`, `name`, `surname`) VALUES
(1, 'Mariusz', 'Pudzianowski'),
(2, 'Kapitan', 'Bomba'),
(3, 'Natalia', 'Grzybek'),
(4, 'Bogusław', 'Katapulta');

-- --------------------------------------------------------

--
-- Struktura tabeli dla tabeli `artists_in_events`
--

CREATE TABLE `artists_in_events` (
  `artist_id` int(11) NOT NULL,
  `event_id` int(11) NOT NULL
) ENGINE=InnoDB DEFAULT CHARSET=utf32 COLLATE=utf32_polish_ci;

--
-- Zrzut danych tabeli `artists_in_events`
--

INSERT INTO `artists_in_events` (`artist_id`, `event_id`) VALUES
(4, 1),
(2, 2),
(1, 4),
(1, 5),
(2, 1),
(2, 3),
(3, 1),
(3, 1),
(2, 1);

-- --------------------------------------------------------

--
-- Struktura tabeli dla tabeli `events`
--

CREATE TABLE `events` (
  `event_id` int(11) NOT NULL,
  `name` varchar(30) COLLATE utf32_polish_ci NOT NULL,
  `city` varchar(50) COLLATE utf32_polish_ci NOT NULL,
  `street` varchar(50) COLLATE utf32_polish_ci NOT NULL,
  `building_number` varchar(5) COLLATE utf32_polish_ci NOT NULL,
  `image` longblob DEFAULT NULL,
  `description` text COLLATE utf32_polish_ci NOT NULL,
  `date` date NOT NULL,
  `time` time NOT NULL,
  `organizer` varchar(30) COLLATE utf32_polish_ci NOT NULL
) ENGINE=InnoDB DEFAULT CHARSET=utf32 COLLATE=utf32_polish_ci;

--
-- Zrzut danych tabeli `events`
--

INSERT INTO `events` (`event_id`, `name`, `city`, `street`, `building_number`, `image`, `description`, `date`, `time`, `organizer`) VALUES
(1, 'KoncertRock', 'Kraków', 'Czarnowiejska', '14', 0x89504e470d0a1a0a0000000d49484452000001ea0000009c0806000000b061e852000000017352474200aece1ce90000000467414d410000b18f0bfc6105000000097048597300000ec300000ec301c76fa86400007b7349444154785eedbd79775457b2ed7bbed61be38df7c6bde796edb25d65d3f7202424218104eafbbeef7b092481100884103d1883b1c180b131d8d8b8efcbe52a976f1d9faa3bde278817bfd8b9d289bc0149082925ad3fe64835993bf75e7bed98312362c5fa8ff4a441494fdaefe131af484bdca7d82f993b0f487ef651a9abbd28fdfbdf95e1431fc8e081bbb27f06183c78cf5e7bfb6f4b4bcb9b52523829bb92872435a15fd242bedb637a48deda273b1306a4b2fc8cec1b7e5ff60dbd2fadad6f4a59f129c948190ec657ef63d8673d668e541deb946d7d92bbe788cee33774ccefc8c1c3f7a5a7ef963e23c724755bbfecdc3e10fa598fa58641d99d32207bd2bb65f38672f98fb52f0fc9ba970765fd9f3d3ce60f6b5fde27ebfeb45fb66f1c93accc8bd2d874570e8dff4d8e9ffb558e9efadf3276f29769e3d8997fdaebfe83df4953f3079295715136ae3820ab5f1c90f57f0aff7e8f2763d50b7df65a56fab61c39f10fbb3f2d6df72537eb75d9bc6a44c7b7dfeee1d4cf79cc0e6b74beaefe63bfa4279f928e9e4fe488cee989f3ff2d03c3dfc8ae94d3763f784fd8673d960ed6a9cd8297b76fd82fb97bfb25654795fcc7ea3f0ee9cd1fb27f7878cc1756ff719fac796950766c392e45f9d7a4bdeb53397ce27fcbc485ff23e367ff5bc977fa387efedff6baffe00f52df704f32d32fc886570ea8611b90b5fa1d61dfeff168705f78650c93368f4b5dfd5d759e7e95c313bf485be7a79297fd866c5a7948563e3f107dafc75380318c8ce3c65747243bf37525e7efe5d8e95f65f4b88e79c727aab64fda78f3dcfceef31e4b0af031bc9cb07e50f2b30664674a7544517bd5e131cf58f3d280a9b1b41d27a5bafab6f4eefb524627feae84abeaf854b8727e14c6cffc97bdf6eeff522a2b6fca6e551f1b5f1db6ef08fb6e8fc78368c786578664c7e663aa9e2fa913f5b11c99fc871c3cfa5753d4795e51cf291843b079e54149de3a2e6525d7e5c0911f2d8ad1ddffb9453492361f3535cdbd093b86c7d241a8a2f644edb110c0e8609c32d3ce4a6bfb473234fa832aea9fe5e8e99985bdc1f8d980a83b7b3e91c2bc372425e1b86c7855bdd397bc519b0d707020eab4a49352ae248103c4f8ee3bf0ad5456dc92dda96754511f883a5b61c7f0983e1c516f5d3322e9eab85655bd2323c77e5235fd77696efd50f2b25f577575c4e6f3ba97fd782f7578a2f6881b908bc3e864675e3422404da3da669a9f06e4b5796d51a306f127ac3f6c44b3ceab8f5901278af1cb4c3b2775f57764f0d0f716e5e8eafdd4f2ff891bc72c62e1d5dddc80e700a2deb66ed4e66f5dfd7b560f7070ecaf525373dbfeb675ed211b6fef182d7d78a2f6881bb8c2180a9320025710361b507003c1d737bc2f3bb61c531219b2eff0466d76c089222291b3f79274747f62ca8efb43e4233561c28fef1c030206ccdda282ab3ae60f6c5e0f1ffe414a8ade92946de3161677841e760c8fa5034fd41e710347d4f9399765e4e85fa3643b9584a7831317fe659f2564484816a209fb4e8fe961b5de1b1433a441b89bd4026868ba6bca8e7be70963ee400a81b036a98686c6f72d0dc47833f63999afc996d52341848831f7b67ac9c313b5c78223d6c06f5b3b2a65a5d74db14d44c8368c881f85d8f70f1dfa4189e54d3bfecae77b1ffa4e8f9981f18318b8371490a1a60f8cfd2815153765d38a03f67f4fd473071c4b90b1f3ac158ff13c10fa6eebf8d872d6f63e3fdecb069ea83d161c2eaf491e3933fdac2a88bb66982ccf3cc36aef63a7ff6979edc191efa5a5f5beecdd7dc18ebdfa8fc1fa5f8fd961e57381a3535979cbc617d268ef7c2079d9978da82d62e16dc69c810805c8cab8606a9a6aef9e812fac902f69d3d1a068cf17912d1b78a2f65870b84aec946dc74d01b7773d90c3133f472bb76702941e44d237f895d4d6be277bd2cfc9e65507cd1930e877f1ea727b5e053e0191f1619cb66f3862397fa21690474dcdbb56d4b471c5b0a52c7ef7598f5983f1266553947fd59c22e67447d727f63b0e2d8e9173703d963e3c517b2c38dcdae6f41da72ca7ccfa699665cda698ec21a2ae7b4f27f52549de32aeaa6fd88c5b9007ef8fe600bd2a793c200342dedb371e91acdde7ad908c71667c296ada993819547b479c2d8fa7837320c9fbef4a3ea5cee6bb72e8f8dfec79e8eafd4cc7fc9a394ccc614fd4cb079ea83d161c4e8da17e5923ba7fe47b0bf511c69e4ac44f820b7d730c42b3a83e0aa038366ba913371d3543c7b297ad6b0e59d816c318a6b4c1d4735d6e58ab0e0d449c963429a525d7a45f099a71667d3acbe808c3dafa744f1a73029b833aef68664251656bc747165d620d35cf467ef665495877d89e19ef642e1f78a2f65870587e535fe978d5b3ef8b68a86fb615df00a227cfcdba53f2d5bd7a5c8c1e2abbb4e4bae556c987ef508388715cf1871e2b88a2ba1923084139a3b99c73af8c05a1ed4c7574482550a0c7f8421a69aaa6492b44ab8f433eef3133589447c73275fb849497ddb0bcf4d8e42fea787e67ddc970985c2ac78ff9f281276a8f0507e16872a105796f58eed311f46c88da7d866629d6c9495ff91de22784c8faeceebecf8d68aa6b6e4b41ee150bdfd2b00398da5e3b6acb5fc811a22639478c622c960579eb35e2441175c8ddfbba551ce34431c6e4aa192b4716eed5e3e9e09432616fc6d8fa099cfea7f4edffca0acb088913c1583673d0c3e089da63c14145314a82423288c075159b0d8e9f0d76da4241d7d7df314226e78d0380c286b09ddaa67732eb5259fed2def9b1bd97ae4f0579572433ed8ca4261cb73023e7e8aa7063f3dba66a22a1f2a9d7b424a0d76544ad0e4b71e15bd23ff4b5d5000072a7283b170df1981bb8dcf39e5de7a4b3874d697eb67e023d3a4777269e882aeeb0cf7a2c5d78a2f65870a0222003969e40a2ac9f0e23e1e900f58192a6e522c68e4e5af4a266ab4b0879dfc16fe5e0d88fe61098da9e0c0ad05c111a84dea6a45d5575cb2a6cf7ee3a6fd5e85b232a1bd0110a95494818c54de81752c3802e2523cab5e09c70bdac9766fd344e144e4e45f90d5376abfcfaf439058e0f649cb3e7351938f08dcd4b7add93b649dc341638b54ae4619ff558baf044edb160b062985706a31b0f10ea832c67a3a831667c16958c12b1a29bf587659b2ae29484093b3e4b89308010304453df70c7f6f8b575aa91ef65491804cedfd8f317726f6953a5ad0ab2b4f89aed12c5715037b47724fcebd611435abc5a8e7b09e410397f72f73824441a70a2286c624c2874c241f18a7a6eb1eaf93e1b53dae8329799dbb6f149e52d9bcf384e9ea8971f3c517b2c18500e187b142be166d64f4398b35d3f4d98905c5e4df56d5bea8523407118860df204e4f550c56cd798b1f38c5584d3a211f2193efc172369c88863b963f337fe47089d2d1dd982b3b8f04ddbc1286bf705d9b9fd84e50e216ccb6beb2b6ad39436d7ba589f253d6f48836b6b6c62ffe960fd745ddd1d7356b83e1bd3b0cf7acc0a6e3c490311b900cc391c4fee03ff5f4a511b8fe9c113b5c782815c2fc63e3df9942adc9b56e16a441dd94b7a2680dc2158d6f9069b161c37828668700802a20e7ee6bb21549668b1d72f853b2c35827c2b2b6e2a11bf63c4047953cc33a4243d7ce42f16521f39f637232bf2b5e4c159dbdadcfa8185ca8bf57b51dc19a9676cd912dfc135a29250424e6d5b8e3ba2b8e3d5e8725edc1b96b0ed4e3d6de30a51b37e9aaa792abe8da8f55ac23eef3133b87940de9fb94b04076711554d3483e58538988cb727eae5074fd41e0b06480be5491eb8b1f99eec3ff89d11f58cd74f9f0a8ac8501f4d2df794742f580537dff1b830a111a5aa6ef71e0c61e28623d6200572a2b904e178144d67efa746da847fed3b27830a738041257f4ba83cc86fbf63217696d84074101ad7493edbe5b41da69e535c00a3a00e0d110242fc383038265c3784cd323ac2fe9cffe3c6d763fa70e3c8fa69c6b7adf3237b16087b078d654e98e3c77df144bdfce089da63c1e036ca28cc7bc30c128a183280fca2243c0df0fe1317ff659f4711537413bbac2af63b0d3ab7a324edd47644a9b05da353db6cdf4878dc8ad294783198a89ba6960f6cdb41f6cc668d360e028a1e07e3902a6e1c0e9476933a1fe41651da5c230698b5dba8511437246ee165d4b622aab617d818f3dd9c0be340889b50bf39294a1c3842e9c92783737f45dfab6318760c8f99616d2432411a858d4f6cfdb4ce6dd22d447ba885604edb787bdbbcece089da63c14038984225c80ca3c4329458029e2e206a2ac5094db32e1a7502f1857de76ce04893b0244a7d971215a44b08987c2d46953c766c24c0296d769882b80919a3462960a3c317c44f819b5bfeb590c43c150151f7dbf552d4444481b185a809c932062e1a104fe7bd988163c4ebee94d336a76870c21ca2309279628e278e911fef65094fd41ef30e33366a74506c8487097b4372b3216a8c1904c2722b1a99ecd975de8c1e4e40d8773f163ae73937438cda26b7bc3a92df86a0509314a3118e641b421ab5d0aa94eb602d366a1b621e5463eb72db9036ca7b68942e695fda7b783fcb9e702e504d1c8bce538495b7ac3e18bd0ef7fdd1dcb69edbb334d81c9b6807444d772ca206ae129f88057f77c4e23137b06a6e9d5fa48128aa64ae30e6fccc7cf0b9e9e50d4fd41ef30e23bc5787ac908b653e6ea38719577b9f8a547b4f44aabd55eda13e306818b6b0ef9e2b3845c9ab53da1401f1fdd919172d4c4ebb5272d6e4ae0fa9e1c519c1b170e78e833172f4275bdbcd3231f2e1e5656f5b35390e0cc78610d741ce380f113cebd027df0151d3a10d6782e2be5397ff3f73368822f09e5939421e8f041120c69d7bcf7c39a663cef340342361fd11bfdff73287276a8f7907244a286f57ca695394284cc86ba6d5de901e448dfae8eafbccd64693e3c3a0b99cdf5c83639bda56f28444013f6fd0ff517c85da86b451dbf4c72674ccfaeb3a25edd6f68fa4abf7d3406d1ffade9436d7e02ad6070ffd600e072a8a5c78be2a6d42e41c63efeef3a6b62936227fce7759883f52498ef313abb6676bd4f91c0e02d10eaae109bda2ec18e781a16fac473aeff1443d3770f7891410f7963410fde9c7745eb02490fa009665b17260b6f7d463f1c313b5c7bc036261ad316b901b1aef5a2119c43bd36a6f23392577889a50724971b02c0b830671857df733c52b81c20638220635c0564daee49d963869216e579446b729967a710d54ad733d00a54d1539e382bae295a84365e54d535c54a463d439be390b5342e2b335e8366e7a1c9792608d79ffd057764e3811dc2b8acb782fdf3bf5f31e3307e3cdbca1b810a7ac4de7042b0b70e288c6e0ac317f70c83c512f5f78a2f6985fe8bcc2e84006e4663b7b3fb3822b23ded333aff686e0306a848dc9efb98d22cc00867dff33822348f7dd380a9099cb2ff377aed9085b953184873a454151450e69a3a4a924278fcd9840d6849b5dd400258e21e75a2bca6ed8e751edac43a7421df2a67b15a178ce89f33022574415b79ec7a342e776eefa3e3e8f33403e9a4238c69aa80761799c0ddefbac530bcb058c378e1d5bb0e21875f77d66e38d0347ea849a0b571360f72ee4181e4b1f9ea83de615181bc2a6f48f66190a854a9091235e47c2d301efa7008d5021e1e5c40d4f5896b51088798e9cd2761dcc30c0a82542d9ec934db89c6a721aaeb4b6dfb72d3f69788103e3f2f7ae8d27246ecbc0d4b03736ddb38631383e7bd2cf5aee9fe3f29de62c440ae11c513f6a6cf83b04bc79f5413b0e61579c06143e110bea09286ce2bd1c6feae73d660ec69b79c1bd670e73cfb9cf4452a807a0e681b9c278c7cd9cf6987778a2f69857606c288cc1f854a99a64ebc99986bc1d2030d64f43d490082438df4a7adad0e7896b7f486d2b81927b643cf89df34715a3b6b91e1c99bafa3b81d256454b089cbca5db50845794b7edb7ad4a9c1dc04c6d97dfb04af4ac8c8ba68c51f0a404b6ab23b365d58811833b87288147f2ee440020791c063aae1d1a0f9665b1ac8ce36c59133800bcff77d7e83163700fb81fdc278a215996c5f38003468488080985977ebc97373c517bcc2b20ab15cff598aa64499385af67b1090780a8275ffbb7a9cbdcbd978c7420bfb0ef8d2b44487b2af81f396d53da4a88545d93bb8420d98b980e61eca14d25300d5520670c3b6171c61142e5675201103aaa0c834f689d103b4569e49e21e2b5aae4dcd22f47d8a83bfe46f1524944dd71dca0dafb9a9d9b0f79cf2d187f889ada0572d238ae444f58e6471a877b13f6398fe5054fd41ef3064746bca21c59fa43fe75568d4e4efdf673ffe0d7d60b1992c6f04dfddec502c605550b195a6e1b128d8446216df2d07436436dd3de14e58ce2666917a44c25390adbe5b501e37360ecaf564d8ef1675d344ecdae945346da1c9370b6e5b6571e8cde1baad4e9717ef8c43f6cf918854e9c0fea3fecdc3d6607573d4f04847bc878e368d186166716a7d63d371ecb179ea83de60d90908577378d49f69e8b56c91c9b7f9d36583f7dfa9f16fe251c4c35725ad2c9683837ecbb170d42d4367f77ad4d4d69af1b35624571d178853c268a9bed3bc96f934f762d3fddd69d8c1be3459a8031439153c0e69aaea0e8c8936e5f7fc4ba63752af9930f27ac4e0e9ca55a8123e49765cd25d85f9a7bcc5eecacb5279dc19238ea0db8df38476e0e782c5f78a2f6981fe87c421d627c50735410f7edffd242ab3477f81d193f06c16782beda903d45381450b9fc6fe8f72f6238c276d787331255dc38263ab684b351c699696cddf9e6c34a5bc97648891b922634eec2e3a40c868ffc68f7a1a1e9aee5c4f373ae44ba91052d2c593b4d8a829ee784e4a3e7a1885d0ee61076fe1e8f06e388e3450483f1266561d5dee9e74c51bbfb1bf6598fe5034fd41ef3028c384607638ffaa3e88990aa91ee6cd64fab4a84685084143eb1ecc91544857dffa2873e8f0f9162e45a1d59121ec709a2e10a4a1bc705658c52662fe362256f8af7c857b3131804cef831960025377cf80753dbae121f45ce3d22640ef9a7ef98b4fb47b8162568ce82aa6cee2b0e849d8f9e4be8f97b3c04c68a7b4664847406f969e6f6c0f0d7560f90a6634d4dc052743c3d660e4fd44b1566d87f0ff3ce1dc23ef78c8001c7b063e809eb51c94c1f6c238ad9ac9f3ef7ab2d5d22d44bc52c05508ec0c2be7fa9234adea6b80302e5ef8c77822a3642e484afc94fdb66225493773f30224669a3b059f6c5d85a7e5b9d2742dfdc232ace21f8b2d2b78d54d89d0c824950870035b875cd887d0fc402f9b873b1d708a69eef7207f7893410e9061ae05018c8dca6f88f7bb463f351abf65eb28ea7c78c80edf644bd04b0ee4fdc3385de3bee9fe12536f6a75237c05a879741f01edeef3e1b76dcb902c69a42240c3a061fe54608d6116f2c113f09103b444d53082aa1a98c264cb8ac49419f5777fd18f758756b6bb763d436a44d11190e0e4562c5856f497555b0769bb5d9e4b251d336d67a6ff819c58dd2a6052a39ebdada77ad92bc48c71fd5ce8e6214a1717f51d8dc6b179a27e5e1d5f6c3605cb82f6cc4426a81b165bcb907d41c90ca704e4fd8e73d96173c512f116c7865bf7ae06c76a19efa0a403e381cfc2f784ff07e3ebb1e841c77ae80c141e5a1c4c8c1a1e0a2e41b53c13d1da0f6a814a7608a25479050d8777afc46de8648b8dcc853ef059b7de0e040de2c012bcc7fc30ad150d88ea8592e44881ca78abff14a65394ed2c0816facf0c9361351e72b4fef05f507a421201a0071737f20a5a9e7b31e4c39dfe5029e052210384a6e1b519e030a23697ee3de67e314f3398fe5094fd48b1051e56cea98ded26a7057f5ca96759d92b0a94d92b6b5484a62b3ecdcd12469298d929ed2a0af0db233b941527734484a52a3a46c6f91a4ad6db26d63876c59dbadc694f59c18f3e0b881d20efffe990263833a60f90f6a01d560841b593e3453f039d64f4316f40b3705e97379e1d07b184b8e6eac9ccae5ffdc1b4883d038f9684883880579eaa6e67b96df4641a3a6fb87beb6714775a3b6790f2908d673b3040ca26f687cdf2ac90bf3af9ada46b9bb8e662c3722bf1d5dc3edd4762454febbf35f8ad031e7da7160681b4a6b589c4fe63529091c1cfe1ffa598f65094fd48b11a86753d0f48f1e906deb7a64c7e60e494b6c95ccd416c9cd6896e2ac2629cf6d92ca8246a9323448457e8394e536484976a314ef6d96dc5d2db23b59497d5b9baaa02ed9ba968e610376dc4065877cf74c0151a8114651a1b45010e4e1d88862c6cbb22270a16f0aa2a8467621d6d0eff77822204b42d584aec945a39ac7cffe6a15c86c020271a4abe2feddd69de37f33a206765f2261f291f19f2c848eda462142da14fc51e086c27630a5ad0e0273036721ecdc9624d421c151e1faa9b0c7d1091ca37f58c11f63e2d7ab7bc4c213f522012a9a3cf33afd79d3ea3e495025bc637b93ec4ca9975d69b592bd5b49786fbb34e6f64b4fe1b00c978ccae1b2a372b4625cc62b8e2b26f4e7e372b8fc988c948dc950c921e92c1894eaac6ec95762cfdc552b693bab4d71276d6d95adebba65a39236df17cc87591ad2888a23c4eaf69fee19f842d5c32c88fa54400610032482fadb9938195566a1dfeff144e0e4bcfabfba2de44a911f638daaa625e9eed4337aeff71bb1bafdb6d908844a726a0d50da2d6d1f9af30579433aa86dee11844f181db5cd3d27928262a4bb1a9f85bc0995332f284a83acd997191223346f6a5bd5bf450150dd4b4471731d44167050288664ac28dca3a08cc627fcdd3542f1f0009ea8171936af1a90a42d9d6a409b253fab56ca0b6ba4baa85e9a8adb64a07450c6cac7e55cd579b95a73556ed4bc2db76ade91776bdf93f714b7d5a8deaabd25d76bafcb959acb72aaf2b4117a4771afd41537e8b1aaa424b746f2321a252da94d123674cb26fdbeb0f3982e2cdcaac616f5809167e9496ca8ef7764fc1840d27c061241ad61ec09a9ae7561dc90eff77832183b083275fb09e9a56de8e9ff6d61ecca8a5b5674c6ff2173bb9710a60232815ce96e166d6f5a1db437e5b338522eaf3d3619dc3fee39f770d4f6defede1aaed05d0de78dc8882b0ab4503c2afbd560cb5087b0735f9450db0a1113a920bfcf98305efcccfa69aedd47883c62e1893a8e115463f3b32a1a55d1495bda95ec9a65efae4629cf6e93de92fd72b4724c4e559d928bd51723e47c53deab7b4f3ea8fb403eaaff483eae7b209fd47fa2f8d45e3faeff58eed7df977bf5f794b86fcb5bd5d7e4f5aacb72a1fabc4c569d90917225eea27e29ca6a927455eae4ba933691c346d50439f1b0737d1430ee181d2a8e51504d2df7cc48430618eea964fc3860d0089953cc4488966d1eb76f1c33f2f0443d73706f80235d9605b15c0b724559a3ee08875b4e5befa17b753f738c2daab413371e09d476f229db9691fbccba6b42de2868c8bba7ff735beac57d24cc4b3485d039d5fffc8fed3b792fce17cbf7a83d2067ce716d39d8bac3e6eca1b27f97dfd66b987a6df10ace15a7c3d209c9272d6ac1bc26f7cfb5d3618ffffb0891472c3c51c739c8156f5ad5a7cab143723254f5e6d7495d518bf4ab7a3e5775c1d4f283ba4fe4cbfaaf0c5fd47f3963f0b9afebbf91074ae46fd7bead843d299d659d52a60abb20ab4ef6ee6c95c40d41ce6c36448d51c5d0a29e304818688c13984ac68f03e48e81a7988990215db8e8811da83c5f1d3b53706f183b9c280abeaaaa6ec9012553943005616ef726f7beb0634c05ef05b43c656d3b616dd65ea3b81b9bee5a7837b6d18addd7c82bdfcbbd254cded4fc8129fa82bc2b569096b9f3ac913664cdf1c3be7b310007871c3491082b2473eba77b3fb57a80e4adc78ca89d23e4e1013c51c71b74dcddd86f5cb15fb6aeef921d89f546d2cd859d325c3e2c93959372a5fa0db9537bc794f2d70d5fcb770ddfcbb70ddfe9cfdf18e97e55ffb5c111782cdcff78df370ddfdae7be6ff8c13e8b0abf55774b2ed55c54b57e54ba8afba542d5fb9ed4164954454f7edc559dffeedc4380815ff95c8f1175bd1a7f96fb38e29df1b2ac33ff941317fe65ed2d09974222a841470e61dfeff168d8722d2504c6318876b0ade5df2cb58053959a70dc72d38f1a5ff777eeb153db3865aeb88fff41ac1c9f103a615dd472a52a6dc2bc90314a9a5039b96d089c68099b88f03b6abbbbff3353f7a872da6cb2ab174bf2f6aae2269582dab6cd44f41c62bfdba97e73e21e71fef30e7dae51ca8c09a17e36de20bac4dc26cf4f27391c4f88da3b9e1eb1f0441d67b07157b0c639615dafa42635494e4ea93494d6cbe18ac346d01fd6dd8f926e98429e0b7cd9f0957c50f7a19cae3c23dd25fd5299afe79159273bb6b62b3962f86640d4cff75ac53746f9f8d9df368998291c51b35b966d128151f621c259837b03a1716fd88d8bd6a21435419285796f98d276b9e1a726bac80a02d42461766a0b50952865be1bd28690bbfb3f37556df77b4a6a84223572b9107b6bfb47d670253bf33553da3814e630c410b39d733c1074049c0fe3cdb9b2fa01c708e7845403617f72f47336de1e4b0a9ea8e3102c8fdababe535292eba5606fbdb49576c858f521b95af386e59e216814348a78aec9da296d8e0f5953804671da50f90169286c97dc5dad4ad61d9633779327ec1a00c606c38361424160846954c2d29f5803fc4444aabd6de98faa3dd455b21a671c000c5fd8777b3c19284e8ac8e85446772caab371a2206af2d5f61e25bea99f9b36747e30078c40f92e14af355a09f2e22861222d6989ecb77dd11aa6d07405c50d89b1e10ac56d286b574d8eb3c65c1839fa93a55170fe6a6a6e5b4e3c5bc98fc236947b34bfbdf188e5839987cc15e7dcc5aaedd0737f06e0bb98b33c0fb4711d18fed6e637510c22189c27e715f6598fe50d4fd4f182c878a356b7aee993e4a406c9ce2d9696b216395979526ed6dcb4c2b067ada4a702e2e67b2f575f9183e587a411b2de5367cd52385f968c3d741d1138038d51a2eb5549f15b665829069b55b5b7aa2b48babbef735b7b8afab0f0e6d310c93207844561564ac271737e2042221628dabdbbcf4737dc08fbec5c00f20490b6ada756101626fc9bbc655c3252cf588aa35c498cf5d8e4aea918a718cd1136f3c3e5b6594dd0d51f6cdfc9b231f2e210775ae289682d839b33380bccd17927eae77a2d52410d00e78f6344f89b7c3563812311f6598fe50d4fd47102cbf9fe6948b6acedb1ae61f97b1aa5b9b4c594f48dda1bd182b167a1a21f05bec7e5bd3fa8bba7647d590e941f94ea8226d993d66205665483dbf94f0985639420028c12c6924619e4966d59d64cabbda91057c34cd89310294537e43d5996e573794f01bd47904366da5925c1cf6dac59d3cb5ed5bb524e47f3bda19f7d1aa86d712419e4c9839cb229ee88e2e5bc5c311a6bad99434188fc9e753fa35a9af3a447766ce315489b3c37ed4d29d06a6efdc014b7236df2c0388ec95b51db41ab53ce21b8d6e07a9f456edb1d07a7848d3808f3e3701c99fcc5224d2e82e189da230c9ea8e304eb5e1e960dfa9aa84a3527ab4a5a4a3ae478e5845cabbdb6204adac17da753d6e7ab2e5aceba22a755b2d25a256973971a55d4f314a256e387d123b4c9321f728a102d240df14e25e3c781cfa0c4511e56ed9d7ed68cb833a6b1dfebf164380262cd72d2a6316bf58913c55813f5603d744ac24434441c768c67026c4e8cdd31b58dcad6f334a5bd6ed4c2d9698993569c868341989c35f584c65de4c5296d52258ebca3b9ed88da660f73c8913c39dfb3eaf9c892af58a2d6393c27f3cb8c6cd0f487f3a7929dea77ce736834703e09d7f3de67e218792c7a78a25e603825cae618b4f0cc486db10626235507e45acd75f9a8ee6323caa755d201d187ff6f3a3065ade7c072b0531498150f486176bd15bb6d5ef57b158061c2f0b1ceb9a2fca66d9548e81ae3e40ce97461447df6bfacf315cac8150fcd99215d6630a2d6b1434deedc7e42cacbde36a2a390acbdf3811137a905475861c778d670e7c8f79bda56b5cbf91879bf4af469bf1137b96d0ab170e29827a3c7ff663fd3c2949cbbe5b695a899473888ac3a20e74d27353adb911b4669a3dae9c2c65af0e46de36a108f58340872e55c705acc7131029f99da769f67cee25c58b5378e91aa69c2f9e4ab51d9bc97f74dfdbc878727ea05865be6b4655db7ec4c6a91d2bd6dd2573a20e76bcecafdba8f4cc93ead9a769f9f9b637c291fd6deb796a465f935929e56ad64dca58a877025c62bb81e47d434cc201f87c1a497f1ac88facc3f2d4c8822ca56c3ecaa91cd50fa793a6318c92809328e8482d9e292ea6342c8dc2b88cb520b464a0bef08859122e706f1d134a4acf4ba912f73058710c58cf301f819e7831c36ce1ec58c2ea2c3fedb286dd42dc44d089ae234c83b67ef6b569086c3826340d19d29ee4894c1c666ca393d0abc0f6703c708156fd5deec50a6cf033f43de8c37efe5b8533fefe1e1897a8101514370095b5a644f46b5b41476cb64e54979a7f69612e417a6646742b0bc177277e0f7cff5389fd57f6eaf61ff0f3bcea3e0aacdc957779476495156a3a4ef68936d1bbaad5add391e18332a5c598643b89130e44c09dac119582a8021161bb7691a498fdfc32955c88166220d4d77a3db59124a26876bb9db10825c68703e9c3bc447d5384a1862454533c750c92c7de2ef90389dd288105023c1f2334819870fc50d5912e5714e0a738d71609e910b47f9b273188d5f50bce4cb216e53db6b0f59bed99d8b236f3075dcf81992e7336c6c8243c0b91e39f1b3a5720267e0b76d40dde73c3c1c3c512f306c938d95aa3c936a2537af4486ca07e59d9a77e4d3facf8c1821d3a964f9283812764d4c2054c89e42b4fbaa821fd43db0f7f177de03be9a2151bb103ced474f569d92aee27d52b0a74992b7b7d8da6fb6c8e4ba501e2bfed06344ddd9f389926d50a93b9584a70388fac4c57f5998108389d1c3204e1d4b8fe9c1084589058280885806c538a32e593f0d81431c5309275ec039418e440472f65c924625550817854c740042c5d14071f3caf5d01885bfa7254eda52411aaf40deed5d1f471baea0b489dc30161037046ed5e4fa7fde47889d3035c58c1c83e33217d96023dad6d46d2612216c77befc9f7a0d8899631e57c713454def7bc69aeb997a9d1e1e0e0f11f59e3e4949f2443d3f70b9e91503b26d7db7ec4eab93ea926a99a83e66c40ad1861165189c2a46317f52f7a9354479bfee8ea9f2ebb5d7e48dea37ac9ff795ea2b72ade62db9557b53deabbd63ef730ec174e11c077a86dfd4e31fa9382ae5f9f5b68b17b96a37779c91277c08c106eba767b9ad6544891396dcb165dc943a44f3bb31f59816201272be148cd5e93c216c0c69f40f7e65cbb24cdd4548261e4144805034c4477f6cc2dd285488b5b8f02d53daa6701510208028ddba7bd22638292865d65fa39c51e2cc5372c7382c46fcaa78392ecbd6e896169bdb8670e9356f15e4db8e1b704aa92427778e93e0d2337c2764cef912bde078144742d81c83f3e4fcc2aed5c303fc46d48392973520a9c9359ea8e70396cb7d65bf6c5edbad06b34d4af6b4497fd980b5ee843cbf9901513b954b55f63b35b76d838d235587647f559ff45476485779bb74957549a7be7656b44a7f458f1caa382417aa2ecabdba0fec187cde11fe74f055c3d7d6bef44cd519a92eaa93f4f46a75387af49a5012ec9675d0144c51fe552b02a323d96cd64f03d40d6b64e9fd8c21f48afae9c0f8415a38518479212388883696108f915c1c8f2fe707f111826e6ef9c09c0c0ac90867d35e94ba05aed1398b2ed41f7b5d14896d5b7bc88e411d054575e48ad9be93dc767dc31dcb6de304307f09ad330f594e85723f38f6a391baadddeefd34ba85278e032a9faa74d4bc9deb1f7ae44fffa3c32200ac57674e137667254466dab9c0f150c769ea757a783804443da8f66f480a7307257d67bd27eaf980cb4d6fdbd82ebb531ba531b7cff68dbe51fbb6e593bfa9ff3694201f0548fa46cd0d6bf9b9af74486a0b9ba528af4ab273ca243bab4272f7564b5656b9ecc92e96fcdc0aa9cd6f91c19211b954fdbadc515505e906641d7efca920574de8fc72cdebd25cd2225999b5aa283a65e3ca5e9d3b8425474db1d4d4be6b46ce1a9da8310d23e447e1a8be9fcfa070503134bf40ada050e2a1c869b1c291159dbcd8d18a4807244777322216e60829c14cfd5cbc00f2e51a4883b86e77cc17d42e3969ce9d6b08fb2c7004cefb984bc1f5064a9bf9c571892ce064b203187398a2af1e756a9cda0e48fbb7e248d437ff43953736dd931255f69c0b2b143826cbcbd819ab5bcf91103b6d703936fba9732ebedadbe37158a724bde6a54149da34242505072463579327eaf900630c51276e6db11eda3d458372b1ea9285ac09614f2737fda5be87f7521dfe76cddb72acfab0b495b54a69769364a6b44af2b63649d8d821db36744ac2862ed9aaaf5b37b4abb7df2679bbdaa42657d576598f1caf1eb7fdaa21e9e9aaea6f95a451f2d76aaec9beb22129cf6a93f4a436d9bcb643e74e9f24ac1f9382dc374ca591ffb34e52b3583fcde70212b9ad86ef9ca9120c2cc62d6c5c3d1e0d47508465e9468672245c3ca644431e16e2a09d28e4158f446de7af0e9aadff56154c9e99c626cc1148925c35c5869038d710760c0737160f296dfd9db0bfe5b5d71db6f03851215bbb9d3469c4cb77d2190fc5ddd6f9b1296ec61067276860f20f6b6f4a231648bbc594f67bd65d8d9cf8f0e11f2c02e0b611dda1c7b7f388c3f1f6881fac7d8982c47da6a8cb8b0fc9de3dad9ea8e703145d41d43b121ba530b75a0e948dc88dea9baa8c3f8e56678711a403ff8728c94943d2272a4f486b699be4e6954a6a4aad11f3c61514b5b0b76db08f34af6b5e1a922dabf649dab66ec94a6f52635169d5db97aa5eb78233d47ca0ac1ffffd742be33db76adf91631513d29237207bd35a65dbc61659fba75ed9bef1981ab49ba6785020902eca238c901f050c304abc7fe86bab9645e9403218558c5bd8b87a3c1a366e4a74847ba98c86d85086ac33a6a08cfc2e4557ae182aec180b0947685bd68c44769fba65795ec811c2a4629d1036d7385b856a04ae9f7704eef2f98ef87114216e1a94e42b69d32380da09ce83b164ae339e9c132a9bdf87949c099fbbbdbea92c67191c8ea72dcbb2b0a6276a8f472358f63aac22eb9054951d91ecbded9ea8e70310357dbd9377d4494961991cad3a62bb5539827c1251f2ff6febbfb382b089aae3d25cac2a794f83a4ee6854d5dca124dd6f15e5dccba9e0fbb7ac1ab050f59ef40655d66d72a0f4b09135c7c3017892a2e7ff9cc3fb75efcbc5aa8b325074500a33d90ab3518d5b977a7ee3aa3aee9a0123a7e742846184fc2840d228159409cb8862ab91fdfae999c32947c2dbc5eaf840ce966f554548b83667ef251b63de178fa90547d42c7322ad525bf7aeb07f3684884265430f0abadcfbc28ef12418518790b51b13c2e3388bae921cd226cf4cb57c59c9757316c855076afb8b68d39591f1a0380dd50d79f3be946de3762cf7bd53cfc5c3c3cdc7cdab462479eb84e4644e4a6dd531c9dad3e6897a3eb0f6653621d827292935525a5222276a8e999a25f71b468c61802cdfad7d57f657ec93fcbc3225e906eb6e66eb99d50373cd47a682bf738f372b59a76deb94825d6dd250d021a31587ed78e49ebf9e2651dfafffd02ac947cbc6a42ca75952121bf4fb7b2575fb29339e1001a43b5392062e9cc8fa570a9f36d091cacedf1bb5d9803c2c8483eaa44d28910ac619678ab5c8ecef6c05504a50f138c64e2993f3b5c6219165592858142aad652150cefd992954b58b663c21721d4b0079336e442a0895ef4e3d6df5148c6963d3dd20aa74f4278b10b1e989ab4e479dbbe3fa39ed1106e7306edf3026397b5ed73975591aea26644f468b27eaf9006a77f3ea7e494dad91b2e27299ac3e6e21ef271135e4082075b6bc6457abfef20129caa995e46ded46d26bcd9828a93de21e726fb9c71b5e1994adab07646742bbe46757494f7997bc5dfbb685b541d8f73bb8f37850ffb12d033b5a362e95798db23bbd49497a54f272ae4affe03796979e0d4903481ac3462f67948b15917983366b04b9e7016b0642ee1492638c5976949571c1d49d5b5214f6f98506068b6b80104b8aaf59f1185ba01272e677089cf3e7bdcfea1a8ca4410c513ba780680f4bc3d8a98b1c3a7500e4b6c96b73ae84bd275ffbb79d2f0a9ccf3c2997eeb1bce1e658cab609a9acbc2d2dadef4873e349c9dcddec897a5ef0ca7ed9b2b64fd252eba4bcb05a26ab4e4c9ba851b30fea3fb15db54e569e96de927d5296d52a299b7b8c8041e8774e81a96e55f6ec7d9db1a7585aca1be46aed1bb60ff59342df9c07af9fe879dca9bd2313e5135295df20597a1ed97b4eeaa47a4f955a50513cd32232073e0bc8011266b4f5d3cf4a292d03400a2033fd9c5530e34041d4283ed65407ebd3e39738b8f75468276d3e66ad415d7f6f0ab4e8f9cdff1e57ed3d2f3027392073c69a6d2d595288b226374da31342e12c23b3fcf7429faf475c8339c23c4adf81734d739efbd2da7a46327679a27eb6888c2b9b706c5bdb2bbb76d64b6561ad9cac3a396da22687cc72acabb55765ac7c5c9af3fb2437bd4d12d7436433206a7d1f0566f419cfcc2c9796b26679bde6923901eebb1eb55ccb11356bbeefd6de93c98a935253d020d9592d929d39299515ef1a514304335e9615c9671336c71813a625a4495308944cd8b5783c198c1f20bf4bee14078a6ae9fa86f7adc239de1bc960b4203e72ec6d1d1f5bc89bf5c8fc4c6a6421893aaab49dda56a782b1fef3ffecb4b9cb3a6b2b2453354da73ed66c1b51fbf5d31e8f01f379953e976c18d3bbff1b9def5f4a47c739c948f7cbb39e2d62897a9dde0025eaeac23a393543a26657ad2b3597e550d998d464f5c8eee4363b1ef7ed51b9e9a9b05cf54bac1dedb175d06da5ed72b1fa352b287b52f5b7fb3befa369ca4925eadac27ac9c96e5645fd1b51cf4651bb0a714884a610840e2920c2b3c410865d8bc793c143cf18523446c30e8823a8f67ed3c2c936be71ec08e144407e54fff745b689748d706830e2c284619f5d0818593fdf67691ba216f405e81ffac63aa1710dfc1fb20efbac8707e099e4b9ddbbeb82dad3bfcad8e4f7d2d9795e76a7377aa27ea698a2a88da88b664ed42ce37aa3e68a1c2e3b2af539bdb227b54d128ca8a7afa879df9a175551afed913d9955d25ad6229794a86397883d99a83f937b28eaf249a9c9af97fcfc0e292b7b5d9a5b1fc881b1a08006831a46c88f8211b5923bcb596a6bdfb3e61314eb60d43c51cf1c6eccc8a16edf78c4ba67a1ec0e1d0b960951514f5e355ec7d754aa8262421c360ac9585bcf1c61fd37444de83e6e88da9ce5c8f9ae3964e3cbf22ce6368e119b8458757a24cf1d7a0c8f650d7b0e751e318758d34ff1e1c1a37f37a2eee83c27bbd21a3c51cf0b5ed9a704d92be93beba4aaa8564e554fce88a8d960833edec72b4e486b419fe4ee6a91c40d3d7adf661efade4ae87b4fb9b495372bf95fd6f308d474d8f73bb8ff7f5affa9bc5ffbbe1c2f9d90cadc3a292ee995e6b6dbd23ffc838c1effd98ce98c895ac91db2462db16941fa8ec968ffe67824927807ca8d714335e3f4502d4d5ac1aabd2b6e5871996b77198fe3cb39710d901e15d59595b72cda424400a2aeaa7c27ae14b53b5fc6d476f7d231e67ce9f1cddaf5ac8c0b762fdcfbc28ee1b1bc8113c7fc80a4f7a49f95bafaf7d5b9fe5946c7bf91b6b633929e5ae7897a3e10547df7c9ce9d35525e5c2927ab278cf8be6ff8e121429c0a0892422f72c31471d1afbba3a44bb2f7564ac2e636bb6f4f246af3f8f51eebcf6c0ab2634b87e467d7486f4597913f3b6a4da7980c90cf7eb7f6b61c293e26c57b6ba4b86c407af67fa493ea1735a4b35b96455e1bb02c8b2537a8283c4b266ee8f5783c168e80adf77ac19b56450fc9ed3bf08d35eda042996e5fce38841d6321e19427b95e8ab068e7e99665d13b9ba550899b8e1ae9c503f1b9f3a50add1acb440ac9385f0b7b6f3f6124ce58fb39ed1106a25b80c84ba9ad70f85c6de33fe5d0b1afa5a9e984df3d6bbec0186f5c3920c9a9d55252522a276ac64d513f89a80104c97b3fadfb4cdeaeb9ae04db29d979859298c01a668c72f8773a18492be85c467b51da8dd616b4ca68d54179b7eeb6f51947b5877db70344ce797c541fb42f3d507858f276d74a51d9b00c8e7e21e367ffa5243dbb6d2d1d51d37e14e5614564dea0cd1a2ea4cd52218882f5d3385074f3a2a869512ccbd26ba0e0ada4e89a391a340fa1908cce60f1467c76be2f06cbc8dc36a238463817d403906678d6cbc83c1637983f80de064461860eff28c74eff2a078e7c21b535c764fbd6524fd4f301d7f02439b9568d4f998c578f596ef84904e94035366449d8f948d588d416d54bf6ae4649d9daa9462bd8328ffb1806ee2d844e07b3e4e41a29ca6ab48d3c2ed49cb7b5d99cc39314b523eabb75f7aca3597fc141c9cb6c92d2ca237260ec1b9938ff7fac78268c881f85a8fa56258e11865436ab0166a72454cad431f4981e5c91186d37d9dc84b1a5c8afa7fff3605308259678260cd429d74044800d32c84f1f3bf35fb6a14841ce1523697a02b8dc70d831e6139c2fce256a888a7a2aec0f1efdc93aec65edbef05b77bd90cf7a7800e607512e223238d484bdc951f70e7c285515873d51cf17acd7f7abfb2525a9414a0baae470c5a8bc57f39ee57cbf8814728511a403ff77456597aa2fc9c1f2116929ea90a2bd0d929ad0a1373950d60f91f44b801ee384e57aecbbf76417496369839cae3a6d1b73d03b9ccd3e9ef4fd7c37ef615bcd898a93d25e38288539dd525937a944fdedac14756cb5b76d5a901b1861aa1ebd619b3d183f545e56c605230bc6981da7d89e91a54e904a3c848c1f05d676730d544ad3a88510328d7058bac74619a63ef43d619f5d08703e2c2343e907db88fe62518c9aeadb92aa7f63ac21f3b0cf7a2c6f383bc76e6bc9eae8b1010c8e35f53e5dbd5f487dfd75292f1991c46de59ea8e703d14d39129aa520bb56f6950ccb95aaab72aff6030b6b4f27470c59b23ceabdda3bf27af5eb72b8f290b416b74beeee26bd91cdb68566c2866e4958dfabe809b0a14b92b6b44bda8e66c95705dc58d22ca3d507e4eddaeb46d2aeda3bec3b63419b51cef17af5db72a074541a0afba5a47048ea9a5e930347bf53a2feef991375a4429c0a59aabd31c284654d117aa29e352062c6906a69d724e490921dfdbdb76f8cff46329c3bcb9c08dddb32279d238492bb7a3fb3d0a0bbbeb0cfce3b227673e38a616bc2e2c69bce64744fa3590b4e85276a8f30f01c62eb489b107da11e83ddd60e8efda436f17d292ebca076765892b65778a29e0f10fa86a81336b72a21d5494b5e9f4c949f921b35b78c7c9fd4c2732a58fb7c9975d51587a4b6a851f6e6144ae69e32c9dedd2059bb9a252bbdd97eced9532379d9d552945b23ad45dd3259a9df597bc3d665871df751609b4b88fa8daa37a4bba44faa8a7ba4a2fca834b75f9783c7fe22e3677e35831a46c88f029b70f019544850ed7dd2c23f66d4fc7c9c35203214294557f49c86e4203cd77633de2316340541a1a6279f52272ec8afe3ccd108c7b5968d07e2630c49311005c2a9606b4bba90b94d438a0aae5ae11ee71acf8e91c7c281e811f388680c6a9ab037b67160f85b29c87d53f6a48f4b612ebb2e567aa29e0fb0340aa2264f9c96dc24e57b3b54558fc865253e881a220c23c8a940fd7edbf09dbddea97b5f2ed55c92c35523d255d16e0d4c5a8b7aa4b9a0479a141073676997f494f5c8fe8afd72a2ea846d53f9a02ee844e6f2ce53bf230c286af2e4172b2f487371b39274b73434be265dfdf7e5d038db5a06a43b958c1f076b8ea29fe9e8f94472f6be66468d7c9e376ab344e419e6c1873cca4aafdb12218a9aa84426ffc592a7788f58706ecc03d623bb6d2d83ddb2ae5a6bd978213eabf6d6f3a03add557b33d6ac59e7e7ec3d174d29f11e3fa73dc28053ca7ca613196adaede5df33f0a564a49e9394ad07252f6b40927dd5f7fc80aaebf5af0ccae6353d92bcb54d7254f5361674cae9cab346d4aca79e2e69baf7b164eb7edd474ad8774c25bf5e7d594e579db51cf2f18a49eb0bce72ae37abdfb25db250e12edc1d7b9ce90052ff543f7b5a8f5b535c2515b57d4ad2ef5b75e2e113ff983149032abd5977cd921bd474bc5723c73b5c011eaa99f5c79005ea0eb2639b45fec6186318e2718c39278093417e9af5c8ec3c05f1d1a8859c3ba408e9c543b1a11170a43a9d0615d16d44c77eb4f14665732deebac28ee1b1bce1d238a4fd887a6117a927e9ecf94c766c9950c7ba5f9dc03e49d9e1897a5e6044adaf2c912277bc2bb5412af2eb64bc62dcfa784f5751c702f2246f6df9e386afe57efd47f24edd6ddb110bdcaabd25efd7de3505cd7b70065c5158d8f1c2e0de0bc1bf5bf39e8c968c4a716eb994d70ecabe91cf9508fe4b279792f4a970327e1cd8b000ef91dc296a3a6accfc5c9c155c38986a69f66a76eba7296c2ac8bb22c9dbc683d402441787c4e194272a94084b53cb3d2b244365b0856494f894a4e3e1fc196f8c6cf2d6e31696273c8fe3497124bb65e154b88a6f4fd41e61602ee33cf3bcb25a80fa069ed9a6e60fd5e11ed3e7b54772327b95a8ab3d51cf271867db973aa9414a0a2a64b472c442d8547ec712e374c07b810b61a3cc6948f271fd03033fa3ba5db1da4c42dd0e6e9feaf76adf97b39517a523a75ff6a6574969c5a80c1ff946c6cf50ed3d73350d262efccb54356a89b5a6ab5fe8f724fd147095d0694927adcd66ffe0d7e640e1a9b37e9ab077bcaf9f86fc58e65452f456d4d1a0408b1501f1467c8cf79a1783eaf4e6b60f654495ffc485ff96213d5f3ac2718e5c53d8673d9637a2d12fb57b74b3abab7fcf22474427796ecb4a6feaf37a58b6acea8b10b557d4f30aaabf21a3a46dcd929f5321fda5fbe44af555f9a0eec369557f3f0e8eb463e1c83cecfdd341909bfe4adeaab926c36587a4726fbb64a4364b69f9a41c3cfa834c9cffb712f5ec1a9da0a609155657bf635e25d5c85e79cc1ee4bb18bf8c9d67ad6902ca0e0f9d906ceaf689e8fbe2758c4da12af9d11eb4a62650a89c3f3de0f746d623c79323879aa6308fa237b757b6e517f77d1154a73f1f47d5e91e7185d8e817d12e9e516c22d123d6e2efdd7d5136ad3c64a1ef5c1ffa9e7f50fdcd2b4ba932d2eaa42eb74b464b8f591e19f5eb88318c349f0447ca5311f6dee982ce6984cb5fabba28cd252d9297d5a89368bf54555f9191633faa229eb9a2263cc82bf947d41e6142d611c67b3572bcc3d647ab01609990cb771d3fffabb4777e6c79d4781fdf40a106dd99583f8dc240a1ee3bf0ad15dbf03f67e0e2018c27d5e928220b7beb7380faafabbf63d5e9fc9f1c76d8673d96377e8b7e4d5a5a07158d53ca7e07ec76b77dc351fdff014958b7cf13f542c0e5aa292a4bd9d62af9bb5ba4ada8c71a9090ab7e1aa27e16f8a6e11b6bca72a26242ca0a2a252ba749f27326a4a1f15dab701d3f3bf36559a80e5e316e18350a29c89d7af5f174e0e1c7e1615990ade73d43fdc02fa6ae2930b388451c14613d0a4ea1d251cd356ae11a703ae8a866853771447c380d747943ed53b0c758a38c282ca31739e7ea43df1e61b07dc9d569ce4c3b67d5de44bf983f6d1d1f9993b7ee6544dd906c5fbf5f72f7f67ba29e7744c6d95a7aae556f3cb5512a8baa65acfa907c50774fbe6e987de87b2e41d89cd7686fef921129caa991dcdc5e292fbb226d9d0f4cf1b8b5d04cb2e982cff08a316609110a8ab0663c19e1c50447be6c66b22bf994d437dc89e4bb7eb64232b6b9243f0dd1c5b3a23685aace04f974c2dd8142fdc19c39428481425d78e2630c014e11f9f4b292eb4175fa71b72cebb5a03add88dc47883c7e0fe6398e695ef6656b914b9393e1233f5acbdc84f54764f50b448f0655597ba25e50b875d549db1b252fbf58062afbac5bd883fa07d3ee16f62c41b89bf3b8557b53262b27a535af57727637487ede212582f7a477dfb7323af1b3856b665af1cdfa695e3bba1fe8447ddd8c1dbb6579f5313b40081489256f3d664d4ea2f9aeb11fa5a9f903c9d9734936af1a31c310efa16fe60044475f6f0ac9b8167600a3a39a85bee3608e700e1030649c9571c1c87954499afc6265e54d0b856f5d3312bc2f8ec7db63e180a2a69b1d616fe639cf6bf7c0e7b6890b2b1b563ddfafcf8327ea050744cdebb6cd6d929151250d051d325e7ec2d4ebd3e6aae702e4a651d5afd7bc265da5dd92bfab5e52b6364b6ef67123d8e1c33f9917e8f2cd3381ad9f56b5c4861181518b54237bf5312b40088cdf8ecdc72437eb92dd1fc67970e43ba9aabc65a164d41f44188fc43155a19697bd1d6d1cc28a001a9f10ba8f1785ca7803c61b2702678267817403f5163465b16d4423d715760c8fe5099bbfaf04bd0e782ed931105b889347e488d50256afe315757c209aab5edb2d2989cd5298d92a9d45fd96aba689c9421335ddcf7018262a27a4acb04a274a852a882ec9cb392ffd435fd93202c860a6616f0051f3cac4a4c8099209c6c41bb5d9c029ea1daaa8f3725e97ce9e4051539852947fd5aaa837a9f76e61e3387cce9df2b47ec7aa509b9aef594735f2761515aa50934f99ca881785ca3802c6d5b6111dfcadcd29f96a489af7f9f9ec311538cb3cabcc699ae2909ae259a57568813a792909c74d69af799139e6897ac1e1887ac3ab03b2755db7ec4e6996aaa27a6b07caae56b4eb0c23d0670d979b661df68d9a9bb2bfe480aae84a494d6d96b41d6366380f1c0996fd38e29d292826432d315131c0be88ece9c0f8f1f0d379acbae676d03841c79825437b769d938475872db510af110ba794c94313fac3d1201cb8ff20fd8eafa833175f0a955cf9ea17824d436c1bd1a37fb56e5210f5ee94d3d1eb09fbacc7f286ab13214ad4defdc01c526a76da3a3fb6f5f8cc739ee5b5ae98cc13757cc072d57fde2f49db5a243fbf5cfa2a7be46af555f9a8f6236b6032dfaadaedd075b3ee86aae94969caeb96cc5d75929ec66e4c17a5b139d876906aef99e6a69dfa764d2c8a8bdeb22232266fd8d8784c0f10070f776ed6eb46ce3cfc8c35ad59517db6fe58df17af0acfe5a63154a650556570fefd835fc99ef473160ae47df172fe38469c33456fb60c4e9f03a2446c2ec335b86572619ff558dec0c1e379c4f66103c7236d94892eb217bfeb25011f7ba28e2340d4a8eb6d1b3b64f7ee6aa92d6893b1f263f256cd5bd6b6f39bc8061c61a4fa2c40c8fd93fa4fe57ccd19e92aeb94fc8c46494e689594a46053f3a61625ea899fa379e6a964fc38583e7b32583f0da1504806c1acfea327eaa7010f37216dba790d1dfe8b11356b8f2bca6e04d5c74a82619f8b17589198121b6a14e782f941c121ab0220bea0da3b925f5f403be5be9f34027968c61b63cbdc660f6196c19163f744ed311536775e09f69d66f915c4cc2a016c287388950384bc7f236a54b527eab88185c075ec37afe9951d092d92bbbb455a8aba65a26ac2ba95912b76e1e86709e70cf05df7ea3e90d1aa83eaf595da04d9b2b64792361fb6dd8058f3375b454db81c350d89d0df7befaef31692f5a1efa7030f370e0f85638c2f5b5b1292c5b1b22232c6378e9f6fb78310ebe9ddfa691cc16e75e6306a5c5f3c105f6c2e9da29f86a6bb96c2c131a2dd6949d135fb9f391e71ee1c79cc2f98bfd83ad23baccce8eafdd46c224564d16775c581c8fa6a78c12beaf84264dc5957bd654d8fa425b54a795e830c550cc98d9a1bf259fd670f11e9b300c776cbb1d8c4e362d525e92cee95bd5965b26d4bad6c7c754052b74f5a352e4a98b69f6e2df44cc06720128c31f9690a2a2018c288bf1b178f27c2bc747d25948601c0f981e40e2a51b32c8b0e6578e92852f7de7804e707b991b723bfee8a0dd9fe948e64b497a59601a783dcaf7b3fc60f423402d5bfdb353e433b164bd4aee88d67c1b611d59f73f75eb26a5eabaef7396a0f079d332e3d45a5776dedbb32344a43a27f5a115961de55754883149573483d51c72950d6dc83c44d9d7a636aa4a3b453ce569d95776b6f5b281aa5fbacc89ae3a2dc09b5bf567d49f6950c4b45769bedf0b5794dab9edf7ed9937e415a3b3e8aee0f3c9b6232c2997c96bd8529124ad9366e93371ed4d26204c4c1f8116e655996abf666fd74aca2765e7ad831e2018e78213ace1da286fcb81e8acb306e34c5e13a838ad820471c4bd00e61c79f2b38a2269d80a2b6f5d391eaf4aaaa6019dc16d64feb7c7ed6e7e2b178c05c201dc2dc0dd4b48a9d133f9b534d8432589571c042e36ede78a28e53700fd8b0c354754a839465374b7fc97e39577d56eed7dd7f6621f058f27fbfee7d39567554ea8a5a646f5ab3390d6b5f56bcc464b92c0307be35a2850c669a9f0654c6f2cada58b76521d7ee8ddaec0059e185b329447919fd82bfb2f1a5fa98ddb3c8f91ab1c579c4c2c282ea70e0bc91eb659e30cf501dac098710c9e9b1e2004397997ecea2316c34c2f6a810275dd950de1ccf883c4671cf15993b0276d5e9842f790ee8a246211f4a9bf17edaeff1583a70f3606324eccdaa0cc48edb279e28257d24a68a154fd4718a40510fe9833e20091b3ad5f83649516e8dec2bdf27b76bdf95efea83bda46349762e00f953e54d3efc4acd1b3250d12f857995929cd0a2c6739fac78aecf8c1d8d1dc8c7b187742cf9ce04272efecb0c30a4622159945ec858784c0f9011e3486e971d7762fb4d67edbe20891bc72c2fc6fd0bfbfc42c31931489aedfed893d75a879ea6c7f73fa3350d1835176226344ea5356167881b7267091ac44d3edb2df743a55380c6b54f25eba9e7315d18f9ebb176a90344a89bfce2f1b3bf4acfc0e7e634309f7dc8db2316cc179ce968d44b9d3be63473a7b5fd23c9ce7c2d70a6756ec57ece1375bce395fdb27165bf6cdfdc2abb332aa4beb055ce549cb3dc31f9eab90c81739c6fea832aefabb557e570c511a92b68938cddd5b27543bb4d94b52f0d9962a98c142a9db8f0af592fcb028323dfab2aba621ea4552b878d81c7b400191132a35f30e44c353e2447380dd2c240c486d3e20e119b0351a32a081db33c8bca6fae87e54e141e125ab6dee57a7d34daa15a16a7a477ff57b6fe94084d4dcdbbd68e11c5cd7188d8300634d431c5adc747715b1e508d2786d1c2e721aafb77e719810bd113f626b7c8f9705ed403a0a6573cd7f33b65e4b17cc15c62ce40c4cc197af05b0f0a72d3035f089bb710f6e6bd9ea81719b80f804aeb9dc9f552b4b7d13a969da89c94bbb5f72c043e57ca1ad247a9135a3f563526b5454d92b5ab51766c6d5767a147cf07921eb349d6acc61f65e30a7d6602a78cf62b49933b656d2cd7ea15f55340e708792f72d025c5d7acb13f95f81881dabaf74c596224423f1b8780ac37af3c68c558b4e64c4b9cb479c74e60ec57dedcf2a1296996b21c3afe779b573880cc2b562140982347ff1a286e55b8cc33aae069e9c9712c54ae4691e62f903263e788f721c27e0c51bbcf10e626978ed3c03995165fb7e3f23fafa83d1c984b6c83ca33cae64334f0719b183534deb5288c4bd74c9d779ea8e31c16027f79d842e0db37b54b466a9354e435cafe8afd72ade65a74c38ea751d57c1692e6581fd57d2c57abde929ed23eeb409692d8245bd6d03d27a8524cdd7ec2d68bb2fc847ec66e438d9980c909c963d42aca6faada3969d71aefb9d378861981e7d508a8a2a6829eb0305b4292e3c52870ef2c62b1489e6bae87f90019ae51076e833a8984c353138e5b6311d6dc97965c372784bdaa59ba3530f4b51137614453dc3ac728ee622cd875ab4f15777be703533228f5f2d2b74d71d3c10d2399a2c44dde9035d1102dce0dea873133e28e9077f45581612d2db91655d384c0d9f404c50ee93f8ee83d960fdc3c301baaf38c2817f3135bc87cc5b963be31a7a67e1678a25e0cb07bb15f5816b56373a71464d74a6745bb9cad3e23776aef58a8facba7088143d22873f6bf7ebdeab20c978e4a556e9bec4eab93848d9d3ab9f6abda756d29cf585811a3877a41b18591f1e300b963d8085316e45d31e3c875fa30e1ec812120d44a2897fbc3bd8138a8a867e37972d38b495103aec985a0f99d6b408d60d0206dc2cbe4dd993f54819387477143c2447ca8a6edddffa5153dd23485b9e7c685df51c1a81a489e150c902cc53d1486b1348c63266e18b3798fc3e014b4731e380f369121d48ed11d3afc83a584acda1ba3abf3d913b5077300a78d6793863d081d2bf43c15347bc27964be3dae878427ea45029435f765eb9a5ec9486b90aa8226192c1b96f3d5e7e56edd5d235b1046c48f8353e3f4127fb7f63d39523126f505ed929dde2c495bdb64d32a55d3fabdab5e08889ab5b8143da05c8ca867ba2c2bd25e91f024e19eccf4b39633e41a1fe54d7a3c01916795f1dbbef1881556114e23ff5f5d7ddb9cabc71981c500236d8529592540aec591a68598f57f9023a40d51e665a9e22ebe66d5eea86e1c1697df26cac0fc63fe42b023e33f2969ffd5b6d2e43de4c321df20c77dc51437c74dda7c2c5a558e9340f81c52b7e8921e8bea7a42ebe4c2712838574fd41e3c9fcc03e60c9be2b4ab4021ca434492623272d3cc19def3a8a8a227ea4502ee0764bd69c58024aaaace486d96d2dc3ae92bef916bb56f1949cf3457ed42de5479dfabbb676ba67bf47885393592bcadddc2ed2879be7bd50b41e89baa5a76614295d0fe33b6306c3ae0fd548ab35f2f39430c20462db8466fd4660308012286a4b3322e44bb1c51e00491ecdc7ec2eedd5288583047a250b56dc41d2144ae91b944d81932456d43ac4e7167ab931928ee5b167a649c98cb0307be319266cc703c8dbc8ffe64a40e71d3d487ed07eb95bc51dca41230aea46d708aac325de735a91cea2df87eee879fcf1e6e5ee244ba96b8d84ee61921efb2d2b78dc0798f7bffd463047ff744bd78a0444d187a935581b74bfaee32a92aac95c9ca93aaaaef19e13a851c46cc53e188fac3ba0fe572cd6519293f2c35aad477efaa962debbad5bba32236d8c001e5c264226c835173043d1ba29eb810103539468c5a7472fa393773f0002b01939b868c2011941d63dddef5b185d4c8b91a512ba1851e63898079e4c81b65e254b7296efd3b24cece5b84ab69a682e2264cce9aecb68e8f6cdc0887a3769ce2661cf999bf13dade77f03beba487ea26b40ed1bb7a00fe8653147b3eb1e7e7b1bcc0fd671ef26c9297c676ba4e7bcc29a23cd45bb8c850d8311c3c512f52d00b3c39a95ef2f7d64b57f1809caa3a6d0d4ac835b3914618314f8523f49bb537e440e590927ea3ec4d6f8a84bc316ecc83c0d35bf95c8f4d3c8880fcf26caabd01443df9dabfed18a8bd0daff86aefa7811903252448885ee97575774c094232340621276695a4f1bc2c6b0ec1351a62d4b6e58af577fe8fd1c43944c510ca466d534446181ba7c61477e52dcb5713d2666f695435cbbf284cb3548fce61573ce6d4114d590869a2e05d287eeab9792c2f30ef56fca1c79ebffcdc2b46cc2e5dc8cff9d997cd8976a99cb0633878a25e6cd0fb625b61beba4f12d8612ba545ca729aa5af6c40ae54bf219fd67dfec45cb553d29fd67f66ebb1cf549d95c6d226c9cc2a95a48416d9bcba5f8f1f181a370f98489b571f340502e1baae62b301c564847da8b865923ec99bf47834200488c18c818e27057a2c57c220505466f9ffc83d5cf6e43195c49dea564791df29f661bcd2764c1a69a380aaab6e5bf3182acb216d8a7f50d08010398e274d4e7885dcf93cd5f5ce31f0589eb0674d9f3b22593b13276dc3169c3d9ecb617d65772c9c3a1cc7e8fba71c23169ea817219ccaddf0ea80deb86e55528dd6e673b4fca85cadba2e1fd67e64f9eaaf1bc273d628eeef1b7eb0ee632755897797f64b697e8dec4aaf926d1b3a4d7d45bf4b0d0e938d968c840cc9ed41b6b351d434dfa0800292c6a3249f87818468dcf779cc0c8ea8c981914a207cebd66652818cd2f6e3fb1b8ca815b16a9bf0a4a96efd3b644d7f6e14f78e2de3b66c0b434b7e915ee944812070bae911fa665e637cfb87beb67c236a1dc7f34986d763e9c2890f9e493a8de1e8517c4bb89b7a86c6e6bb92b9f3ac2dfd9bee3cf144bd4801599343deb8629fa424354b4156bdb416f6ca91b271b95e7dc3d6443f4a59f37754f55bd5d7a5a774404af2ea242ba34e52139b5535d322f4b79037938ec2180c166141aa14314e335e3f7dea175bca45f8901c5f55e53bd62d8a89faa84a478f2783f1c32840105478a3f85c0e0ce2e63d3e62317d309e86a8ea0ec292bc42e2b62c6cfd114b29d4d7df3155cd98e3c092f7c638f3fee91a608fa5073777a85720cae26a7a0e8dff64cb06691d4aa123730a841d632a3c512f56d88da325e47e2bfcda99d82a45598dd259d621a7ab4fdafaea4feb585f1d84b9216814b65b2ffd66f535395c764caaf35b247377ad751fa3b109c56a014907440d8962a0325283768eac9f867867ba7e9a890ab9d3eeb1ade36329ccbf6af9410cda7427abc7ef8151200f0641e0b9a3eec89f52810c71f01eafa8a70f47d48ea45d78dca96ea24b09eb466dc95653cb3d1b6fd492db2d8b1404eff544bdfc6004ad738428163b01127d21d2e25a2cf37341de1b16adb15501fafee9ce134fd44b014aae5bd7f6c8aeb45aa928ac92a1f241b9547549deaf7dff2165ed94f4cd9a5b325a7e441a0b3a2527b35e92131bad788cddba9c920e40a393a0372d39bba6960faded2793ce8a6a6288f84970b93c8a6f58a34a1b4726ac338a0f5d8fc7b4c1f8a198c98db284e8a8de178883b5c3ac9fe63d10cdd4cf79cc1ccea16443053aa351e5cd12450c30d126a24ee41ced7dde7e2e3b9873a7a09f3c1bcab4b6df9743c77e32fb47b5378e347304c779a6cfa427ea2500c89535cf895bda644f7aa3d4e675c870d941b95c73453eae7f604a9a9c35fb4bbf53735b4e569e94b6e24e29d8d320c909adb2694d97acfb33aa2130fcebff84412267b74f563ddf6bde1f9b99f7ee63fdf4df9574ff69cb517885801dc64e3e7aa916ffa7000da2a6aa96e50aa88fe0fcbdfa980d1837141e3955d41ceb7d1967d64fd3ef9b76afbccf118cc7d3c11957c2de1403115d62bc895e50718fb3e494d2d4cf7a2c5d38b1c12b8e1a4bae206996f4313fac635dc54ddb7ed6222e3a8f66fa4c7aa25e023015ccfa6a55c5899bba644f5a93d4e437cb91f2a372a3e6a685ba3fadfd4c6e57df96c9f249e929ea93929c1ad9995c231b5776caaa17fb64f54bbdb2e6e55e9d0c3178a94f563edfa54ec0a0f5331e1c0dba9139e29d4ac68f83236aba42111222d7c7d2ace0fcbd619b29cc3844c26ce4fa4b8adf927d07beb1fb43e577ceded7acaa94f7fa88c5dc00038b63949976ced41155bccc6b52393845a488789f9fcfcb0bdc6f0009d3618c1ef2ec8a45ad886b958c73674a7a96f5389ea897008289a21edd9ffb9578bb64fb9606c9dc592d7559ed72a07044ce949c91cb259765a26842da72dba57077b5a46c2f978d6bab64e58bcdf2ca736df2ea0badb2e28f2d015e503cdf2c2bffd8aae4dd21091b87a4acfcb2f40d7fa2dee1d70a1a437c2b078e7e2f23c7fe22878eff554627d804e1b7261153499a102193964232aabde995cc4e324c5e170a82789c671a769d1ebf8131e2a127378d9aabad7d2f583f7de21f965aa0f9090566f65eaff0e604ab9e0faab9590647a313ab0738f1b3b5c2258de32317cb0b81dd0d9e2d1c66d6e253c7c3323e481abbd7d1f389b50d459860ef661af276f044bd88c13d62a2acfd93129d2ae0552f76ab326e97752b1a64cbfa4a494b2c91fc5d25d2b4b75906b2f64973668b64edcc5722cf9335af94c99f5fa8923f3d572d7ffa438d82d7dff0d27f56c92bcfd7ca8655ed929a3c2ca515e7a5ade79674ed7b5fba06ee49cfe07d25ee8f6560e433193cfc950c2b7143daa3c77f8a90f56f8a9b6559183414087954263413168276933d3ae941c8b57a3c0cc68a31848c210efaaf9356c01922b560052baafedc7ba77ede63e680a8796569160ed1f1f3bf5a78936570384c7e59d6f282b3595125adf382a5a7ecd14ff4900d5f20e9e42d419be499148f4d8527ea450b6e3a6b4021e80e53c2afaa0a7ef5f92679f58f75b2eacf95b2794381a4eec892fcf442a9dc5d25f929a54ad239b27665be927485bcf4bfaae4e558fc2182ff55292ffecf0a25ea1ad9b4ae4376a51f94b2ca73d2d2f5b6b4f5bea384fd8eb4f7de968efef794b8ef4af7e007d23b745ffa871fc8e0e857aaae83028a58450d79b3f90185377575ef59f5230539ececb44715a1db1f984e3d96c751b588e1736adb55dd3ecd645f4a601c208e2d4ad42cc342e151e00781b09e17c3e015dedcc0cd3742db149211b1c0f9048c7b71d15b36673d512f1f709fddf39596386939686c1b044d1f83befd5f9a0347c89b67d1d27c4fc1a99ea81725b83f1430f4c9aa3f7628a136c4a8e11a25da1af9b32ae5b52b8a25614bb6a4295967a6e6a8d7972feb5715cb8a97caf5ff10f2c32a3a162ffdcf4a79e5855ad9bab14732338e4845f54569e9be21ad3d37a55909bbb9eb8681bf19f4e7d6ee9bd2b3ff03397034e8c0134bd60642e0facaff507f846a99dce47008ddd27b99dcaa5bb6e5723ad190b823693f376d2ce880b56ddda8d4d4be6bb97f7aa8a3a8a901b0f1f3eba7e704cc3da21390346b60adda5be731eba78964e466bd2e9b571eb41512363f438ee1b174e0ee31af5b578fd8f3464efac44555d2fa0cda2e6a91e5a738707361b33c512f4a707f50d3ddb2f2855625dd5a25dd0a53c228e397feb3da4878c54b65b26e6581aae23cd9b2214f36ac2e929590f4f35501213f8aa8f5ef286a9479e2b601c9cd9b90aafad78da05b7a6e4853d77569ea74b8268d1d8af6370d1d7defc9e0e1afe55024048e9a0684be699d3738f29dada546fdb1ae1a553272ec6fd64f99ea597697617bc1ec3dafa9d23e67cbb8a8a224e7cac427d783b2c178621863d5f643641e3a6e4b035c1fc46179b19453e6e830be90c7c0d037fa205f0ac6471d9db0cf7bcc0ccc2faab99983e5656f9b8ab6b15683cc0e5abb524e5bb52fef0bfbbcc7d2827bfe6c999e3a691d5d0f2c278d92263f6dab5ab64f989de2bd66979ed22679a25e9408887af54b5db2e285e680a82361eb58c2453543caafbe50a9a48b42d6dff56fb1ef090364ffe2ffa890152fd6cbce940352527e4eea5aae0644adea3950d40e11c286ac3bde92f6be772d6f7df0d80f461eaceb6502d31b99250b35b5b7859d8a2066ba9441d646d811b56d84aede29c6904dff59024341467dfdfbeab9be656b83c9bf320e10d12355f7efc66c69c03df878ea84d56867e976cb62ff690a9b1823de37dbc2158f87c13862742982641e0e1dfac1c61b65cdb6a2749982c8b92f619ff7582288e1445a2ab3e52fe2029b0551131d444993af9e2b25ede0897a51c211b52aea3fb6caabcf372a01d71961fff9b9df0ac350d52ffd674d14fcee104bcc530151bff0ff9699a2debdfbb0d4345e36d50c29478959e188bbb5e796b492bbeebb6df9eafda35f2a51ffc526b0db59e8e0d88fa69451c7e4a6c9e934b77e606b7fbbfb3eb7096fdb0c1ef9d1428a002287c047277eb68601ec66447e1bc2c640a226513910166a1b83c90384d2649c2070237135a0ceab7558ace173ce1da70443405ebfbcfc6d6b70027150514f7e9aa542c1fb3c51cf05700669fa63ea49c999f6acccebe6d60fcd28dbb2ac65b23bd972060e1b7684f5f244fa681bcb5c202a88dd62c91e6d43e752493b78a25e94d0fbf3672602eb9fbbac980cc25ef1429392768311b6abe48e168a45f02753dd8f57d5bceff9ffa7d4883a2bfb9891732b21ef48a81bf03748baadf7b6740edcb52af0fe839f5805386a9ae55a84be69353a79f1df968f269c4dc88889cc64677b41363b48df71ca5ef1502162f651465143d67cde963ae8c3c0f1783050dc8498e83bdeaaea9c0dfd0949e20064a49eb69014a1480c2c053ef6804514f75a14f72256ddce0040d4ac9f667d3b4e0c6343089c0af01d9b8f45df17760c8f998139c47ca2688c4d158800312fd9c79a66333ec5b03c404d08ce2f620392c6a60524fd97a0d77bd625130ad89ab9b62f9ea8172d201b25a0c8d22cf2d5ab5fa479499b92768bbcaaa44d91d92bcfd547d4b603aa3b02257300a9bb57fbd954798d6c58dd214525679488df93aefd774c3113daa6dabb73e07de9deff41cc12adafe5c0d1ef6464fcc7084907395307d41e0a70c5733db2e20f7aae18379d6318c08daf0ed92b049bb5fb82b563a46292c96f4a7be86bd9a76a1be538a2e44d211aa174a7bc69c4d233f0b9299c9a9adb160e46714364c95b8f5be30fc2e53c442ca3d96c55983ac795b0a786cc63113eee0b0bce8b280104410ebfd60ac97eb4e8054e0e5b34faf5d37307c61b038da22622c4bca32b1fc57b3887389db6ad659cce178fa78711af3e4b9b561eb4dc336ba5718e79e6b045e4a8719089ea61571006733d1f3c512f6a28a1186103bc3840784655e4cb3d316a1bf24671d3cca4d9489c70b923f25794c01dfef4873a59f16293927497ec4c1995eaba372364fc89f41ff844f641caa35faaaafdc694f3212366f6e6fdbb4d5c081a750739e36da2800969d7d5ddb1e5571480c556c732b1ed5a5e099a064032dbd61d96ed1bc74c71d31a333be3a2851da90aa787352aba77df17d1fd5d319c7cdfe87125f0a33f59d11af9a28eee07168e221c8cdac6130ec87bdcbe07ef98254e96e77e4875cfbd473c57c060307e09eb8fd878e0c8587a40c7b9a8e04d2314afa4e70ecc039c4b72d0ec4ec67cc338b34d2bd5de10b557d44b17dc7f53d2fa4c65a69fb31a90fd07bfb36590386da4ed4a8aae59da2df633b1c7980b78a25e1280ec62c1df20ef01256c47da3443e98aa8ee0e457b94c0a91c5f6924ae4afcb96659f3e72e49de7e480a0a2e486bd7fb32742450cbc363df0561ede37f35623632b6aa6e7a7effd6f7dbfd9df020c4494896bc72d2e663513274e7cea476e0efa8450c1fe0770c214b2050c478b37b554516e6bda18afba6296e943a455484a150d72c4fc298f2caef3c54413579a0b651412ca7609311f619466df390118a87bc0929e330f0bd9c1fe70062cfd39dfb4280732114cb7a739c1072638c37cd158822ac7e2108f7877dd6638688d840c69cf9d7d874cfe635911de6124e24f30427ef779ff558f470cf3dd1be9484e3e6a8b97a106c0c3df56972929674d2deff2cd7d17ba25ed270e4e2d436202c1380b0b9e1e50090faaa3ff6c8a65543b237e39cd4d5bfab6af82b23e523277f0e5e4d35a398dd3a6988d9e1b750376a9a5c1e44428308f2d3183b477c61e7eb88d042d2918784bf5b5e5b9522244af89ae3b0430d0a1d6389b2a1e9076a9b8a72c81b454d780aaf3796b8c96f0fe9c3468e1bc58d87ccc3969f73c5aa7a51dc29aab8216ebe1bc5edf2dcaebafc593d8cd301dfcfb6963818a83aae6d6834c89159c7373d474f1c7303e6204a9af946f110c58c6c59c86a04d22b14315ab5b7de93b0cf7b2c5ef08ca3a4f999864c38c5d42704b6ef17236c966191aec35973766bea71e60a9ea8973ca6aaed87b1210628088cfcb6b5874d0177f67c2607c77eb20ad760b7ac27ef92e50051b3ad25e1e90adb3926e83dcd649e09d1d903108191bc1a45ced185ab396f8e9baa1e2f395b3a9e41bc3535efaa02ba2bdd7d9fd939a0ecadc5a63a1a9c1f0fdc88fece0307b1b7b0744c555259e975cb91e7a86391a68a1b234d289ef5dbe48571162cbf1d399fd8f37308bb8eb902c7e77ba97677ddc85cb53715c8eb226314f6598f998171c44164ac7104a99560ee90932422435483b9c0fd08fbbcc7e2843dc311fe8388abd52e589a2d623788d235a86d21148e3db3d6b2cf982f3d512f4bfc9eb001131402444d060513df9b129d09413b4020546ba36a214fc2cb18bd599199ce45f739e008db1125c61202a54b17dfb363cbb8242b69a178c84be7675f3602a6d88afc36c446de9c7343f1b3fc8beba46f33c4cd83c8fa6d42f654f642fc54a4efdd1d14a8595f677d3851b6a86d17aac771e0bc9e85676dd7aec7252c8f9a26fc4ff3180c07d794a7d74894c18d4fd8313c66009d73dc4fc61b4545b40663cddc6e6abe67736b4b8cd3167a0c8f4507ee25cf34f7354d1d341c6022280f2969b58ddc7f6c8e3d6ff3e0187ba2f688c2798709aa2209f5d0418c509f91af7b9d26dcfa691a9b903bdda4241df69d730123b10841f1d0589e3bd2b50c83bb65d58824ab676ca49d73c5889796a58d6a7059e28501e65a59b7ed1437e0e1245c4e981c3284e8590ec57150da84e1710ea2d5e4fae0c6e6b7dd79393c8dd76dd7a7d7c67711a2a76d288e05e78d33410a8073b1ef7a068ec27203e388f3456b509c20b6b22422c3bca0d27efbfa23d1fb69f776cae73d161fecd9890087bfb4f8baf57970e9336a61b0193c6bd81853d221c77916f044ed110544874a4c5877589a5b3e08f2cc918aea9982cf4dbef66fcbeb64ec3cab2413a8cdb0ef7d5a441f3025a8a8da76f9e488ba84402132542721623c623c66480fb54c91595dbd2aeef6fb567cc643c975d0bb17a783aa6ad437455bfc9f1ecf1417a1b4f82cc7606919217ecbc5eb773396e4b99cea8e2a6e3dd7999236d7867120dac152105aad724e2c5763ff5b5b3baed7e8c622ec181ed30763c8bda390c8757f634ef34ca0a8186bee69d8673d161fb8df964a5325cdb3c43346739b43c74897294947943411b5cdea94f31cf33c861deb59c013b547144c568c0f0d3308fb12ba065349783a70a16fc246e4f85c4156d8f7ce071c8119912b5cd1157f4335916fa4e98a2b4ca3c88c8234c810a5cdabab28c75853d1ce75e26d63c4db3b1f98b225c4eeda4a62cc51d906fd8e60cdf8b01983b0737c1cec9cf57c394fc271ddfd5fd8f7e33c905ae03ba2eff7cfee532330dcfde6dc51ed4b6485f9cc5ce01eb39c703e1595c7b385b30d38c22ce5a438938815293f226e56aca9f68167105b16768c67094fd41e66d899a89048c2fa51231a54a3ebc31d4bc04f82cb67436a4c700aba50b0380078a1a1dfffac11b9be58c5ed88da295cf2e7148c99e24e386e15d4140c910b4651d1ecc21477c74746e084419d33e214374bc4060e7c63e1329aaf102ac70bc7b017e4be61b94ec662eb9a11fb4e1ef858b5cd39d9f9e879f2ffd86be0bc791f6bc0710886f4bb8e475ab3b25528ef5fb0f15d6260fca9e6c6681371a1531e2911ee31f50dace9e77d5e512f7eb8e706e719a78c679467976e6338e438e2a43ab007a4b7ec3955841deb59c213b54774b26e5e7dd0fa6713ca4525a21a9d729c2e2069880b0542e8c89a0128f9190929d9847d7fbc80718822126ae615254c389bb017db70d2358da55114a3a1b0c65465ffb66cedb731e067089df7910b8760216c1e7a48c0a96b5eed6725077e0f53dcdc1fb6ad64491ace02c4410d0021fabd6a5c200d4f1c4f0ff72c100de17ee3a4e198714f2932a4710f394aeed142186c8fb985dd6fb54bd47e507b52ad8e3502833407cf338285eaee857ebe3c517bd864859458e6848aac57428100201b4738d3451016fe2f5397848f517b9012c60fd20bfbfe788023e7a8e25623ec1e4e7ec730b33c0bc58d01df9b11b43a652d25a1511e70b71c0c62b6c2a353bfc8b82a6e1e7a2acb3100bdaac86c17b19adbd6598c63e4e55cb675bae4b76d2b4ff5ec216dbedb29ee95cff5ca2bffd965d5ec7c07c481b74f9153ba127fb4782ee4da3ca68f58a2a68e81e63803c35fdbbdecd9f785dd33fe4ee89b3a88b06378c43f1c41f38a934c7a8e8819c5af10340e38ebe6b9dfacb270cf61d8b1e6039ea83d02f5a8461e42a50d256a91dc27a40bc208f95180d8099743f4740fdb9d7ada1c00f750847dff62835d8782bc304a1b30763cec106f6dddbb0f85c82155373efc8c2180642950e13d84ca59f243789d22968cd433e6106040dc98411e286abec3293c3a23b11f32e4cdffc1d473f59819cc80c710b52b241b9bfc25d236f492196ede1bef11228f4783fb0ca81d49de322ec56af770b0b15da4ed70cae82541048b90b77b7fd8b1e6039ea83dcc3051e10ae110da430d135a850c6249663a403d1292a53a9afc2e856918bd859ee84f0b3bff88e2766a9b9f63c3d43824e4b7098d6691dfce57c5ad4a9bce6c14a3b8ae6954c20f1dfec1d2036e49188e919176efa7d212d95c84dd9a50db4425a81b207f063153e4c2e738268d5950e0cee3378748cf73b18ff7428131e3fe52d9cb3de4de719f50d42ccdc151e23edb7be33842e4110ef71cf3ca9251a263346422c4cd730850d2d495a4279d34673c2c1535dff044ed11256ac2ae4c520aa420dc30227e12087b43d474cd229ceb26fa72210daed53dd83828acb7655cd31227ad30a930ff0da9ae7ec77a8fa388d9850967686a8a01258ee2661cbb7a3f93f6ee07a6e8f81d454e1119452ee4d5288233458dc2f3cfed5381798ac3b355c794ea7fc61b92c680e37451cdefeeef7299d34b0946d490b43e9b2cc32262424b61ec16ce2f8e34ea3a5e94b48327eae50cbdc74c420c0f9392ce5b18a61317fe35eb6a6f769541f135357f10e4f2e264a23f2bb807d980e256c2748adb72c63ac684b069ba02693bc54def73d20ce4b7a932a5f08e1dc108bf41deb43c45c911223f74fcef46dcfcee42e9fc1de2265c4e5d018e008667fb465a9e8edafde4fc6cb732ce2552516e8a7b09df8fa705ebeea90780a829feb3a8878e3fcf056be509959a4314f2598ff845ec734a71284a9aa25988d909136a3f58fac8ff10187c2e5e9e174fd4cb184c402622469d4226266e7463fc99169141d4a7ffb7910caa9c6a6f42e990950f11fea6b429127355de78f5349761c99653dba83642da90b0355e516f9ff18dadbe67ac2d5cae0e110442f3133e47a89d103939ee9ddb4f04b50111c7c10c4e24e4170f86275ec13841d4d41c5067c058536f41a7bedd3aaebc07a767eae73ce21b6ede43d238b41489f16c11fd3b71f15fa6aab159f1a6a41d3c512f63301131e4d69672d739cb8b3279f12e6755edad9f21d74af30fd422c6cee54dc3be7f39c03df036d63a0eb18adbc6467f87b4192bb71b58ce9e4ba6de2866a1aa1ce2c6f3c70962acddbd41555349ce3da3e00907a9b9f503cbaba2d4296c23fd40a306b6f424048fe2462df0bd4ef51b91ebef767e107a1c19a8f9845df72b83b6a69e2574384a8c35b5039515376d0c790fe315f6798ff8837bf688ece118a396cb4aae479534a0d2dbad95266242142cde9e034fd4cb182e544ba894f0a935d250c36feba76749d490895b3fed15f56330e5f932a5ad04813181480dab836d3da90067631188833c1ae34c9e9ae807244238dcdd2f5710c3df6c39d8be2faddd698d1237f9b8ec3d172579dbb81921ea12a264bdcc43e35c33d7cef8b3ef398e26cd6b18d39e81cfcdb8f377dee715f5e201f70b3825cd7d443d43d0a4f8889660ab8840c5a39276f044bd8c8161c24853205352fc9674f47c6239398c3e21bf58227e12f80c183af443b07e5a5521454e18b5789cf8f104330e11a789f1e29eb8ae65dc2342d82c0b62c908448d9286a0e97c46c52a396e1402aa1a236479557ddf58241dc1fb4d71f7aae256754e5e9bc62d14a2a1e05112a96aa85c8e9bf5e29c9711f854128f84cfa75ec36207d7c47562aca9ae67d313563fd0c8a6ad93ddc95eb7150cbc977198fa798ff804f39657a2551072ac92a6810d4a1a950d9133076c8ec7e1fcf644bd8cc1244651912365e9096df35063966f9e2951ab0a27b7dd3ff89514e55fb563a24ee275e2c72d74ac9cc10090346bd1a91477f7872d38096d6360f83feb403377b233d8652361f2a9443548436090c8c3713f51e1ac1185b887f5582ca183fcc9c5b29b5849f13573085882c4bda39735784875bbfbb9c4ee29d7c435e25cba4d4f18271c9efa863bd6079effd97b7d8428eec1fdb4e7486d1cd129d240a86753d217ff65240d71a72506dbd606733afc58f1004fd4cb18185e0c31213dd4b429b01912b40324cd43d043cbbdb4737eafdea784295705b96bea07200bc2d91007ddc8c86143d2143ed1210b63b463f3516b014b1a83d02d84cdd22e3646a1e88c5c1ce170b6c624fac13d4371735cfec77bc971938fa5288daafd0093e678118287ac2071ced19c8988d236028fa8edc578cf39771c12c6dbf620def7a5cd6b2abe59bb4ed4895a027baf9fd3710fe623f687394baf818eee0751a7959a0e9434733bde95b48327ea650c14c48ae77a8ca85d4868a6bdbd1dcc53bdf02f0baf62d439b63768b387236aea0732d3ced8769a102a2a0fd2664b4df2d78cb3334a181dcb6b2b814338f458a76b19ca9b3037e15b2afb294eeb1f0e72db140eda7d57e276ad1351db101595e728737652a37e81fd79e92b6e4d6c560c1bb1fd4e7147887bb1dd7bce99ce6f1032634d3402a30e51534dbfe195e07909fbac47fc807967c4abf310b180c38a138a538a7de2672abe79261e52d271ce779ea897319c31c58893f3b4bd976749d428330c3d24401199293d357e53bfd3637a60ec00c44138bab9ed430b7b9337c5d0b01e1b15ed08dd0c94be62a0204c48c5f2dc4aa4286e489cfb42589bad3cabaa6e494bfb7d0ba31306240c8ed2b070af2a6e5e8115a74dfcacfffbc114377971521bcc19ce2149491b709eb67e7bcd88296e174d31d276e71783b06b5e48709e14d7a1c0dc58f32c30364428588fce78867dd6237ec07da43093f94854084713bb86d34534c994f4f6879574bc9334f044bd0ce18c25861e634b21198d369cb20a23e247c1e5b331eaa830c286dbd605cbb230d061dfeff16498325510ed201f4d0532aa804a6f4892f74c253c775f0d90b61a218ee1ee0355e5a808ee0ffdaa511528e4ecccd7cca8114ec790b1ad23e172da9c728f3172746e62037dee3384ee72dbd436a040b9ef28768ad352b68e9baae7bb632bcb7118ec9c148ebc63cf7f21c1b9aef8438f1135c69d393dacaabab9e543cb4ff37fafa8e3176edebb82c092c260d733ecd9842a698a298908e1a8fea6a4e36b0e3e0e9ea897219c11273c8a8126ac89527339cba964fc38f020f0198c37463b77ef2533d218b5c5f210c423183f4021192168c2d48c376ba50967af7caec78c52d867c3e00c19f79de3429efc6ce17275d878653ee004507843f11ad5e446d8aa440805d36085fc366a939030d5e584c98db807beb0fc364a1dc58d03400a04158f6340981e0389dae6bb62f3bdb1582875e3c606e705879339cd6bb93a20540cdb33a3641df6598f8507f78f39c57ca377003df309755338c692511c50eee3434a3ae438f10a4fd4cb104c528c0e394c8c2aca88c94ca86fa6c5647c06b2c663a53947861a7a36348044ccf0867cbfc79341be94b0351dcbc8abd19a9531465d73df6ce9d60c8983fbe18c149f754adb014347b118aad2fa93abfaa0ad6c41ce15eb7f4c7e9b2d50c95907ed4ebf3707c23977a86d1c3eab2657e266fd366a9b9ed97959af9b1340010f55ea38057ca75b86b6866d3a51dc7a5e9cdf7c296e1b13fd2e0c385106a20a84bb49e3709d5480f377376e61c7f05838c4ce69bafcb172a14f9d4bec18448d938910c17134251d995720ec78f10a4fd4cb1018438c22c6b852c9b567e04b33b8a68e6748d4d6c54cc91af5811233afd52fcb7a6aac8d383a79d9974db9421c286b0a9b12d6cf6123197dceed3e455e1d899393e51c206f2224281514f29ef4b3b62b1af3c63aa62961b36c8cf983cac6a160f500e7cbdf50db346a419dd3e694a62b9021c570cc15d7971c38654f889eef25cfedc293ee1c43afe12960d7acd7cb3566eab5d19d8fe801d742d11ece05e768e73017e3ed31a7e0beb8394ada25aaa4153c3744f950d8cc5fdecfbd9e7a8cc5004fd4cb109034861e7583b17daa6d2dcf42d4ff652159bc568cdac657993fdea8cd0646080aab1f506284101d09b2e316c48d72b088c55c1147e4597764e4c81af0370813f2e49cb8bf284c6a1bd2934f19e1e23cd078a5bef17d695715ea0ad4206948cf6d2ac23c233a40ee90657c14b3119234c5add7e514b7355e51c30a690795e5bfcf73cf156973bd8c250a9f73c0a1e05c890e9497ddb073c1f174f725ec181ef30f773f0073322b23e8ac08393b258da3452120f79602b3c57c0f3d512f43b81c258696e5549034a43b539206c7cffe6a644d9810236b2a48bf63b13e100b0d1789a06a95f59f10074ba6d8d6d29665655cb0f0b423d1b063cc39d416382307384773f614fc1f354c7406455a9077c5d661b3869b73efeafb2cea08a2b2819b67b6144cff473486062384f58b8bdeb4a2341c00e613b96d083b9adb568701a3cbf7daf53fa59db26bd1e781f1c66140fd1f99fcc552413820ec7a167dbfb7897103ee7d90aa3964c57eac46a0d0927986a3d5d4f29b92b639bb4895b48327ea6508489ae553b48ea411861591cd82a40115c1803c374acb42b218d090eff578321c01a3a6c9b7b1240a72439d52d86455abaa6c1da1871d63aec1f7441151dc2e2ae30ce0662552940b0a1482c50964b729940ef96dc2de8d4d772d7c6f8a7be47b533d14a3a15e0f1d0b14376a1be286e05db8bcb8e82dcb7193af4fdb31696d4e390f7a0050554e8edb296ece6b2663c3fb3906797ff2e99cd3719dcf283396b1711ce790782c3c62e722f32d4b15335df588d48c4efc6cf70fd16091a70daaa459261899b361c75b2cf044bd0c61064d41a891c21f4245335d96e530ae8a9a1c3521741e1c8c1e0f46d8f77a3c199002e3979674526a6ade9581e16fcd891a500283ac507ea84a67acc28eb120507b116b44318c511257c78202352ad8f3722e4b79a4cd29444cca0427c472db9139c5f502fe0661f60f7f63ddd882c2b46b51a58411769b99584e3b92d776519de980f3241fcf32388adf5064b6e656cf89423a1c0010f6598ff90773cbe5a4994f84bb51d238b38727fe6e8e20b532447878ef5271b23c512f2338238a614b5455c284c603b575b23324ead8f025f948da2cf2f0a06ef88eb0eff778324ca52a79503d4f9482301eebdb519984f8e232b51099578e9c318e8133185472bb39472e3150dc93a6b633552193432c2e7cd3c2de4dcdf7ccd072ad286ef2f25c3b058b8c037315c5ddd9f3896dfcc252302ad1f93cea17c54dc4c1f2ca2b0ed85cb475dc318adb2216ea081922e705e9136e27bac49c46e1a3ca883839a736f4ba3de617709282624a22356c9c829276e16ee60dc58a9034f7dfe6a322f4588b0c9ea897119c8142f9d23fda5a258efd38abd0b7ab1067b7ac96d6fb6628c955629c3d51cf1e100ac605434488f8a88e3364452f760808e2593ac6279827ec014ca4c0baa6edbd649dd7989bb6ada792759813698a5b5514a48aa2a249094bc7206e3ab961aced3b74be9b73f3caefbf9b7124074eb5b0dbf4846362f0298e23fd00b1bbc880c70241b988fbc57dc4c664a8934744c694f48960a319d6fb5757bd634e20f775a9a52b3c512f23308181ad17cd7b23d821e8e84fa658664cd49135d78464317284d109713a0515f6fd1e4f86cbb7e62861a12059a34c872c880be5b758899a390169c62a6e0b2bdb32b0a057391119e62639ee8c9df426bf6cc48bdaa65888f40a9b2ba0aa2168c6c6a55e2074a7b8790fcbace811c03c673919e4cd66316e4918e7c4583367f746363de198187d42e0f9b9572c6fed9e99a9d7e3317f60befc76af822d484d49ebbd4249e3d052a14f5d4420167eab9d582af044bd8ce0d4014a81507577dfe736d11de98611f2a3e0c89dc616841e31ae166ee201f17367d6c0206198586b6cc471e267e9e8fac42a902198a51eb180b0a702038d93c21ca3eabdacf4ba2deda2018c53dc441e988f00554cd5b6f5301f09803a6f68ba6ba151141951251c0714352a1e278067813127ef49c4c9bd07849dabc7fc80e701a78e28495dfd7b763f839cb42ae97d5f5ac121fba99b23b8449daa50a25ef3e2900ece90fdc363f1635de475d50b78a603b22bf98cb4777eaa46e9ef4abaff54a2a6c7f7af6aec68213a3d4c9cffb7aa99ff56f5f2997ab9179544682830ac44c2c3124c2a8f19e025c60ca262f38ca35259795b8d113dd4ffae6af2ae12c74525ac436ab070b696c6f8ba7969f345af69cd4bec09cd7693fb6c9eae7cbe5f56fc810e6d28a4417504476c6c76269e54c27e4d1dc46baa9cef4863f387d2d8f4a134b77c245d7d5fa8dafa5e060ffd45868fe0e8fca2f3f55735eabfd8dfbafbbf94a6e6fbeaa8de92fc9c37a4b8e8ba34b7deb7cf30af0f1efd9bfd2f75fba46c5a3962e7023837778f1ec6c3d7e4f1f4605e00371798f7e96ab3b82f03c3dfd9bde4b9e819f84a9db69b92bee3b46cd4b9c17ce1fdeef361c75eac808fe1e584f58392973520a9c9d54ad490b40216f7583a58f5023b000dc8dedd1765488dd6c4857f2b412bf19e428dcc0c13e7ffa5aafa576969fbc88cda86570fa8926652857fb7c7e30111acd3b1dbbe815d7f2e5a5a82f5bcec5a55567a438dd129258e83fab0128a0d3fc69244f45a876c7eadff33f966aabb8765b31269e246da9db257f6b8a4269c90dcaccb162a675ed271ef802a6be62bce284ee9d84914f72f46c8fb68ca32f283aaf29fed39604e0f1ffed1366f48de725c8d3fa91c2a8703e7d3cec561ea797acc3956ff1125ada4a4f6a5bee1ae1518e2bc8e4efcc348bab2e21d49d93661f7666de4f9093bce52007c0c516f37a2ee0f883a65eba018b6b19ed363d1636bf09abc659fec4c1894f292737260f4818c9f52eff4f897327aec8b1983cf1d3cf2a93435bd257bd20e47bf23faea3123246f19b0b1dbbb6b4c2aca2e4877cfbb3ace9fcbc0e03d292f3bafce15a1df21bb87cb728cf59ab9f61d3a4e499bfa95a0fb246963bffd7d67c290a4ea7bd212872527f3a894159f51a5fdba2aecb7a4abf7b6ec1bbea7847c5f8614070e3f9043473f9591b14fede783fa7a44e7f2d1c9af65ecc4d7fa9e8fa5a1feaa14e59e92ecddc764cfce2392b9f3b06177f288a4271dd0ef01c3ea180c45cfed77e7eb317b309e8a54b555bb74cc4b8bce4a6fff1d19517b73e8e8e7b2ffc07dbdb7d7a4a4f0b43ab044a07a65c7667d7ec28eb55410e1e4f4a47d6a0b7a64eba60af98f829c5e01f9d93d1e4b0079590a7d2dcceb57921e5243744c7a7a2ec8c0becbd2df7f49fa6680fe81d7edb5bbe7bcb4b59e94eaaa5129ccedd7efe8b6ef08fb7e8f272337327e65c57a7fea8e4967e759bb37ededa794a887a520af4ff2f59974f732ec18cb015cbbe1a17188d82aec566e9f14e5f74b71c1801af27d5256322815e507547d8dd85cadab1d93c6867169693e216d3ab69d5d4a027dafd9bcb6b9ad3f77779f978e8eb33abf4f4973f3a43aa313d2a09fa9d1cf57941eb07b54523428457903f6dd9c4bec397a3c1dcc96e89896ea18d7d71d95b6b653d2d37bd1d0d171c6ee4579c9b0da1d7d26ecfdb1736169c23839b757b232ba24657b8bbcfa72a1fcc796cdc5b26553b16cde58e4b184b06d4ba92425564a4a72ada4a735c9aef4667d9d19dc675253ea25697bb51eb3cc8ebd6943e1efbecf63fad8b43118bf846de5767fd27636da58a724d7c9d6cd257e7c1f03c66653e475e3fa02d9b02e5fd6afcd93f56b026c589b2f1bd715c8a6f545b265638924e89c4d4ca894e41d35929a5aaff3b949d26d5e07cf4446469becd9d32e99996dfa73abecdedd22e9bb9a74ced7ca8ec42a49dc5e21db132a64ab3e4f61e7e3f17470739d314e4b6f94dd192d7a0f5aedfe2427d54ac2d672bdcf857a5ff396cd73011f6f555e5eb7a6505e7e2147feefff2b55fe7f4c96aec689b6f0df0000000049454e44ae426082, 'Contrary to popular belief, Lorem Ipsum is not simply random text. It has roots in a piece of classical Latin literature from 45 BC, making it over 2000 years old. Richard McClintock, a Latin professor at Hampden-Sydney College in Virginia, looked up one of the more obscure Latin words, consectetur, from a Lorem Ipsum passage, and going through the cites of the word in classical literature, discovered the undoubtable source. Lorem Ipsum comes from sections 1.10.32 and 1.10.33 of \"de Finibus Bonorum et Malorum\" (The Extremes of Good and Evil) by Cicero, written in 45 BC. This book is a treatise on the theory of ethics, very popular during the Renaissance. The first line of Lorem Ipsum, \"Lorem ipsum dolor sit amet..\", comes from a line in section 1.10.32.', '2022-01-11', '22:48:00', 'OrganizacjaRock');
INSERT INTO `events` (`event_id`, `name`, `city`, `street`, `building_number`, `image`, `description`, `date`, `time`, `organizer`) VALUES
(2, 'KonertJazz', 'Warszawa', 'Wiejska', '1', NULL, 'Lorem Ipsum is simply dummy text of the printing and typesetting industry. Lorem Ipsum has been the industry\'s standard dummy text ever since the 1500s, when an unknown printer took a galley of type and scrambled it to make a type specimen book. It has survived not only five centuries, but also the leap into electronic typesetting, remaining essentially unchanged. It was popularised in the 1960s with the release of Letraset sheets containing Lorem Ipsum passages, and more recently with desktop publishing software like Aldus PageMaker including versions of Lorem Ipsum.', '2022-02-24', '12:00:00', 'OrganizacjaJazz'),
(3, 'KoncertDiscoPolo', 'Katowice', 'Polna', '14', NULL, 'Lorem Ipsum is simply dummy text of the printing and typesetting industry. Lorem Ipsum has been the industry\'s standard dummy text ever since the 1500s, when an unknown printer took a galley of type and scrambled it to make a type specimen book. It has survived not only five centuries, but also the leap into electronic typesetting, remaining essentially unchanged. It was popularised in the 1960s with the release of Letraset sheets containing Lorem Ipsum passages, and more recently with desktop publishing software like Aldus PageMaker including versions of Lorem Ipsum.', '2022-03-03', '11:00:00', 'OrganizacjaDiscoPolo'),
(4, 'Kabarety', 'Kraków', 'Rynek', '12', NULL, 'There are many variations of passages of Lorem Ipsum available, but the majority have suffered alteration in some form, by injected humour, or randomised words which don\'t look even slightly believable. If you are going to use a passage of Lorem Ipsum, you need to be sure there isn\'t anything embarrassing hidden in the middle of text. All the Lorem Ipsum generators on the Internet tend to repeat predefined chunks as necessary, making this the first true generator on the Internet. It uses a dictionary of over 200 Latin words, combined with a handful of model sentence structures, to generate Lorem Ipsum which looks reasonable. The generated Lorem Ipsum is therefore always free from repetition, injected humour, or non-characteristic words etc.', '2022-02-16', '11:00:00', 'Kabareciarze'),
(5, 'Noc kabaretów', 'Warszawa', 'Krakowska', '13', NULL, 'There are many variations of passages of Lorem Ipsum available, but the majority have suffered alteration in some form, by injected humour, or randomised words which don\'t look even slightly believable. If you are going to use a passage of Lorem Ipsum, you need to be sure there isn\'t anything embarrassing hidden in the middle of text. All the Lorem Ipsum generators on the Internet tend to repeat predefined chunks as necessary, making this the first true generator on the Internet. It uses a dictionary of over 200 Latin words, combined with a handful of model sentence structures, to generate Lorem Ipsum which looks reasonable. The generated Lorem Ipsum is therefore always free from repetition, injected humour, or non-characteristic words etc.', '2022-01-16', '13:00:00', 'Kabareciarze'),
(12, 'opener festival xD', 'Bydgoszcz', 'aaa', '120', NULL, '\"Lorem ipsum dolor sit amet, consectetur adipiscing elit, sed do eiusmod tempor incididunt ut labore et dolore magna aliqua. Ut enim ad minim veniam, quis nostrud exercitation ullamco laboris nisi ut aliquip ex ea commodo consequat. Duis aute irure dolor in reprehenderit in voluptate velit esse cillum dolore eu fugiat nulla pariatur. Excepteur sint occaecat cupidatat non proident, sunt in culpa qui officia deserunt mollit anim id est laborum.\"', '2222-10-31', '21:37:00', 'Krzysztof Kononowicz');

-- --------------------------------------------------------

--
-- Struktura tabeli dla tabeli `pools`
--

CREATE TABLE `pools` (
  `pool_id` int(11) NOT NULL,
  `name` varchar(50) COLLATE utf32_polish_ci NOT NULL,
  `price` int(11) NOT NULL,
  `number_of_tickets` int(11) NOT NULL,
  `event_id` int(11) NOT NULL
) ENGINE=InnoDB DEFAULT CHARSET=utf32 COLLATE=utf32_polish_ci;

--
-- Zrzut danych tabeli `pools`
--

INSERT INTO `pools` (`pool_id`, `name`, `price`, `number_of_tickets`, `event_id`) VALUES
(1, 'Pula1', 100, 1000, 2),
(2, 'Pula1', 200, 3000, 2),
(3, 'Pula1', 400, 100, 1),
(4, 'Pula2', 444, 200, 1);

-- --------------------------------------------------------

--
-- Struktura tabeli dla tabeli `tickets`
--

CREATE TABLE `tickets` (
  `ticket_id` int(11) NOT NULL,
  `event_id` int(11) NOT NULL,
  `user_id` int(11) NOT NULL,
  `name` varchar(30) COLLATE utf32_polish_ci DEFAULT NULL,
  `surname` varchar(30) COLLATE utf32_polish_ci DEFAULT NULL,
  `price` int(11) DEFAULT NULL,
  `numberOfBoughtTickets` int(11) DEFAULT NULL,
  `mail` varchar(30) COLLATE utf32_polish_ci DEFAULT NULL
) ENGINE=InnoDB DEFAULT CHARSET=utf32 COLLATE=utf32_polish_ci;

--
-- Zrzut danych tabeli `tickets`
--

INSERT INTO `tickets` (`ticket_id`, `event_id`, `user_id`, `name`, `surname`, `price`, `numberOfBoughtTickets`, `mail`) VALUES
(1, 3, 1, 'Andrzej', 'Nowak', 200, 1, 'andrzej.nowak@gmail.com'),
(2, 1, 1, 'Bogusław', 'Łęcina', 50, 4, 'bogusław.lecina@gmail.com'),
(3, 1, 1, 'Jan', 'Kowalski', 400, 2, 'jan.kowawlski@gmail.com'),
(4, 1, 1, 'Natalia', 'Grzybek', 70, 14, 'natalia.grzybek@gmail.com'),
(6, 2, 1, 'Mariusz', 'Pudzianowski', 100, 10, 'mariusz,pudzianowski@gmail.com');

-- --------------------------------------------------------

--
-- Struktura tabeli dla tabeli `users`
--

CREATE TABLE `users` (
  `user_id` int(11) NOT NULL,
  `name` varchar(30) COLLATE utf32_polish_ci NOT NULL,
  `surname` varchar(30) COLLATE utf32_polish_ci NOT NULL,
  `email` varchar(30) COLLATE utf32_polish_ci NOT NULL,
  `login` varchar(20) COLLATE utf32_polish_ci NOT NULL,
  `password` varchar(20) COLLATE utf32_polish_ci NOT NULL,
  `organizer` tinyint(1) NOT NULL
) ENGINE=InnoDB DEFAULT CHARSET=utf32 COLLATE=utf32_polish_ci;

--
-- Zrzut danych tabeli `users`
--

INSERT INTO `users` (`user_id`, `name`, `surname`, `email`, `login`, `password`, `organizer`) VALUES
(1, 'Andrzej', 'Kowalski', 'andrzej.kowalski@gmail.com', 'andrzej', 'kowalski', 0),
(2, 'Jan', 'Cebulka', 'jan.cebulka@gmail.com', 'jan', '123', 1),
(3, 'Mariusz', 'MaxKolonko', 'mariusz.maxkolonko@gmail.com', 'mariusz', '123', 1);

--
-- Indeksy dla zrzutów tabel
--

--
-- Indeksy dla tabeli `artists`
--
ALTER TABLE `artists`
  ADD PRIMARY KEY (`artist_id`);

--
-- Indeksy dla tabeli `artists_in_events`
--
ALTER TABLE `artists_in_events`
  ADD KEY `artist_id` (`artist_id`),
  ADD KEY `event_id` (`event_id`);

--
-- Indeksy dla tabeli `events`
--
ALTER TABLE `events`
  ADD PRIMARY KEY (`event_id`);

--
-- Indeksy dla tabeli `pools`
--
ALTER TABLE `pools`
  ADD PRIMARY KEY (`pool_id`);

--
-- Indeksy dla tabeli `tickets`
--
ALTER TABLE `tickets`
  ADD PRIMARY KEY (`ticket_id`),
  ADD KEY `event_id` (`event_id`),
  ADD KEY `user_id` (`user_id`);

--
-- Indeksy dla tabeli `users`
--
ALTER TABLE `users`
  ADD PRIMARY KEY (`user_id`);

--
-- AUTO_INCREMENT dla zrzuconych tabel
--

--
-- AUTO_INCREMENT dla tabeli `artists`
--
ALTER TABLE `artists`
  MODIFY `artist_id` int(11) NOT NULL AUTO_INCREMENT, AUTO_INCREMENT=27;

--
-- AUTO_INCREMENT dla tabeli `events`
--
ALTER TABLE `events`
  MODIFY `event_id` int(11) NOT NULL AUTO_INCREMENT, AUTO_INCREMENT=39;

--
-- AUTO_INCREMENT dla tabeli `pools`
--
ALTER TABLE `pools`
  MODIFY `pool_id` int(11) NOT NULL AUTO_INCREMENT, AUTO_INCREMENT=5;

--
-- AUTO_INCREMENT dla tabeli `tickets`
--
ALTER TABLE `tickets`
  MODIFY `ticket_id` int(11) NOT NULL AUTO_INCREMENT, AUTO_INCREMENT=15;

--
-- AUTO_INCREMENT dla tabeli `users`
--
ALTER TABLE `users`
  MODIFY `user_id` int(11) NOT NULL AUTO_INCREMENT, AUTO_INCREMENT=5;

--
-- Ograniczenia dla zrzutów tabel
--

--
-- Ograniczenia dla tabeli `artists_in_events`
--
ALTER TABLE `artists_in_events`
  ADD CONSTRAINT `artists_in_events_ibfk_1` FOREIGN KEY (`artist_id`) REFERENCES `artists` (`artist_id`),
  ADD CONSTRAINT `artists_in_events_ibfk_2` FOREIGN KEY (`event_id`) REFERENCES `events` (`event_id`);

--
-- Ograniczenia dla tabeli `tickets`
--
ALTER TABLE `tickets`
  ADD CONSTRAINT `tickets_ibfk_1` FOREIGN KEY (`event_id`) REFERENCES `events` (`event_id`),
  ADD CONSTRAINT `tickets_ibfk_2` FOREIGN KEY (`user_id`) REFERENCES `users` (`user_id`);
COMMIT;

/*!40101 SET CHARACTER_SET_CLIENT=@OLD_CHARACTER_SET_CLIENT */;
/*!40101 SET CHARACTER_SET_RESULTS=@OLD_CHARACTER_SET_RESULTS */;
/*!40101 SET COLLATION_CONNECTION=@OLD_COLLATION_CONNECTION */;
